Q11,Q11_8_TEXT,Q16,Q17,R1,R2,R3,R4,R5,R6,R7,R8,Q22_1,Q22_2,Q22_3,Q22_4,Q22_5,Q22_6
5,,7,4,4,3,3,3,7,3,4,5,6,6,4,4,4,5
4,,5,1,2,2,1,2,4,1,6,6,5,5,6,5,2,6
4,,7,3,4,2,2,2,5,3,4,5,5,6,3,4,4,6
3,,3,1,5,2,3,3,5,5,5,3,5,5,5,5,5,5
4,,7,3,6,3,1,1,7,6,4,3,6,5,5,2,7,7
2,,7,2,6,2,2,1,7,5,5,5,6,7,6,6,3,4
4,,7,4,4,3,3,3,5,5,5,5,5,5,5,4,4,4
4,,6,2,4,3,3,4,6,3,4,4,5,5,5,5,4,5
4,,7,3,6,2,3,3,6,4,5,5,5,5,5,5,5,5
4,,7,1,6,2,2,2,6,2,4,6,5,5,5,6,5,6
4,,6,3,4,3,4,4,4,4,5,5,6,5,5,4,4,4
4,,7,4,3,1,1,1,5,5,6,7,1,5,6,7,7,7
3,,7,5,4,1,1,4,4,5,5,6,6,6,4,7,6,4
2,,4,1,3,4,1,4,4,2,3,4,4,4,3,4,4,4
3,,7,5,3,3,4,4,5,3,4,5,5,6,4,5,4,4
3,,6,2,3,2,3,3,5,3,4,5,6,5,4,6,4,5
3,,7,3,5,3,3,2,6,4,3,5,6,6,5,6,6,7
5,,7,5,7,2,2,7,6,5,5,6,4,4,1,1,4,7
3,,6,3,3,3,3,3,5,3,3,3,5,5,5,5,3,4
4,,7,0,2,2,1,1,7,3,3,3,6,6,6,6,6,6
4,,6,6,5,2,2,2,6,3,5,5,3,3,6,1,6,6
3,,7,6,4,3,2,2,6,5,5,5,7,5,6,7,6,6
4,,6,3,5,3,4,4,5,3,5,5,5,5,2,4,3,3
4,,5,3,4,2,3,3,4,4,4,3,5,5,5,4,3,4
5,,7,2,4,1,3,3,5,3,5,5,3,6,6,5,3,5
4,,6,4,7,3,2,4,5,4,6,6,5,6,6,7,5,6
2,,4,3,4,2,2,3,6,4,5,4,4,3,3,3,3,3
3,,4,2,6,3,4,3,5,3,4,5,5,5,4,5,4,6
4,,7,5,5,3,3,3,5,4,4,5,5,6,3,3,4,5
4,,7,4,5,3,2,2,5,5,5,5,5,5,5,4,5,6
4,,7,3,5,1,3,3,6,5,5,5,5,5,6,6,5,5
4,,7,5,2,1,3,2,5,3,3,6,5,6,2,5,5,6
4,,5,3,4,3,3,3,5,3,4,4,4,5,5,5,5,5
3,,4,4,5,4,4,5,5,3,5,5,3,3,2,4,3,3
5,,7,3,4,3,3,3,4,3,4,4,4,4,4,4,3,3
4,,5,2,6,2,3,3,5,3,3,3,5,5,5,5,5,5
4,,6,2,3,2,3,2,3,3,3,3,3,3,3,5,3,5
4,,7,0,2,1,2,1,3,2,1,2,3,2,3,5,2,1
2,,7,4,5,2,4,3,6,2,5,4,5,5,3,5,4,4
5,,5,0,3,2,1,2,5,2,5,5,5,6,6,7,6,6
3,,5,0,1,1,1,1,7,1,1,2,7,7,7,7,7,7
5,,7,4,3,2,2,2,6,3,5,5,5,5,5,5,5,5
3,,7,4,3,3,2,3,6,5,6,6,6,6,5,5,5,6
2,,5,4,3,2,3,3,6,6,3,5,5,4,6,5,5,4
2,,5,3,3,2,2,2,6,6,4,4,5,5,5,5,4,5
5,,7,3,3,1,2,1,3,1,2,3,2,5,5,5,5,6
4,,6,3,3,2,2,3,6,3,5,6,3,5,5,4,5,5
5,,7,4,4,2,1,3,2,3,5,2,2,2,5,6,6,6
3,,4,5,4,1,1,2,6,6,6,6,7,7,7,7,7,7
4,,7,0,4,1,1,3,7,1,4,5,1,1,1,1,1,1
5,,5,5,4,3,3,3,5,5,5,5,6,6,5,6,6,6
4,,7,4,2,2,2,3,6,5,5,5,5,4,4,5,5,5
3,,4,3,4,3,3,2,4,2,3,5,4,6,6,7,4,5
5,,7,5,3,1,1,2,4,3,3,4,5,5,7,5,6,6
4,,7,1,4,4,4,3,5,4,3,5,4,4,4,4,1,1
2,,7,3,2,1,1,2,5,3,3,6,6,6,5,7,6,6
4,,7,3,4,3,3,4,4,3,3,5,4,4,4,4,4,4
3,,6,1,4,3,3,3,5,2,3,4,5,5,5,5,4,5
4,,7,1,2,1,2,2,7,2,2,3,5,5,6,5,6,6
4,,5,3,7,1,1,3,7,5,5,5,5,5,5,5,1,2
2,,7,0,4,2,2,2,1,7,3,6,6,6,6,6,6,6
4,,5,3,5,3,2,3,3,4,5,6,5,6,4,5,2,5
5,,7,4,3,2,2,2,6,2,4,5,5,7,6,3,3,5
4,,6,0,4,2,4,3,4,2,4,5,3,4,2,4,4,3
3,,6,2,1,1,2,2,5,4,2,2,2,6,4,3,3,6
4,,4,2,2,2,1,1,4,3,3,4,4,5,4,3,2,2
4,,6,3,4,3,4,4,4,4,3,3,5,5,5,5,4,4
2,,6,4,4,2,2,2,5,3,4,6,5,5,4,5,4,5
4,,7,3,6,3,2,5,5,4,5,6,5,6,3,5,1,5
4,,7,4,3,2,1,1,6,2,3,3,2,7,6,6,5,7
3,,4,2,3,3,3,3,5,3,5,5,3,3,4,4,4,4
4,,7,0,3,3,3,3,6,4,5,5,6,6,5,6,4,4
3,,7,4,4,1,1,2,6,3,5,5,5,6,5,6,6,6
3,,5,4,3,4,4,2,3,4,6,6,5,3,3,5,3,3
3,,7,4,3,3,4,5,5,4,6,6,6,6,5,4,3,3
3,,7,5,5,3,3,3,5,6,6,7,4,5,5,5,4,4
4,,6,1,5,1,4,5,5,5,4,6,5,5,6,6,5,5
4,,5,3,3,4,3,4,5,4,6,6,5,5,4,5,5,4
2,,7,4,5,1,1,3,5,3,3,5,5,5,3,3,3,5
2,,7,5,6,4,2,3,2,4,5,6,5,5,5,7,3,6
3,,5,3,2,2,2,1,5,2,3,5,6,6,5,7,3,6
5,,6,2,3,3,3,4,5,3,4,5,4,5,5,4,5,5
3,,7,4,6,2,2,2,4,4,4,5,3,5,3,4,2,4
5,,7,3,3,1,3,2,4,3,5,5,3,5,2,4,3,2
4,,7,4,3,1,2,2,6,4,4,5,6,6,5,4,3,6
4,,5,3,4,2,3,4,6,4,4,4,6,6,6,6,6,6
4,,7,5,6,3,4,4,4,4,5,5,5,5,3,4,5,5
4,,7,1,6,2,2,2,5,2,3,3,3,3,3,5,5,5
3,,4,3,2,6,2,2,5,5,5,5,3,3,4,3,5,4
5,,6,3,6,3,2,2,4,3,4,6,6,6,4,4,6,7
3,,7,4,6,3,4,4,5,4,5,5,5,5,2,2,2,3
4,,7,2,2,1,1,1,6,2,2,2,5,5,3,5,3,2
5,,7,2,2,1,2,2,4,2,2,4,5,6,5,4,5,4
3,,6,4,7,2,2,5,5,6,7,6,7,6,6,7,6,7
4,,7,2,6,2,1,1,6,3,5,5,5,5,2,2,2,2
3,,3,2,5,2,3,4,5,4,5,5,5,5,6,5,6,6
4,,7,5,5,5,4,4,5,4,5,5,5,5,5,5,4,5
2,,6,1,4,7,6,6,2,4,4,2,1,1,1,1,1,1
3,,7,5,5,1,1,1,7,5,5,5,6,6,6,7,7,7
4,,6,4,3,2,2,3,5,4,5,5,7,6,5,7,5,5
4,,7,4,3,1,1,1,7,2,3,5,7,7,7,7,6,7
2,,7,2,5,3,2,3,5,4,5,6,6,7,5,5,4,5
4,,7,5,3,2,2,2,5,3,5,5,5,5,5,4,4,5
5,,7,4,3,2,3,4,5,5,5,6,6,6,4,5,5,6
4,,7,4,5,4,3,3,5,4,5,5,6,6,3,2,3,5
4,,7,4,4,4,4,4,4,4,4,4,5,5,5,5,2,4
5,,6,4,2,3,2,2,6,2,6,6,6,6,2,7,5,2
3,,5,4,5,3,2,3,4,5,5,5,6,6,5,6,5,6
3,,6,3,4,3,1,2,4,4,5,5,4,5,5,5,4,4
2,,7,3,5,3,3,3,3,4,3,4,6,5,4,6,1,5
5,,7,5,7,2,3,2,6,4,4,3,5,5,6,5,6,6
3,,4,2,6,2,2,3,5,5,4,5,5,5,4,5,5,5
2,,5,2,3,3,3,3,5,2,3,5,5,6,3,6,2,2
4,,7,5,3,2,2,2,7,3,3,5,5,6,5,5,4,5
5,,7,4,5,3,3,3,5,5,5,4,3,4,4,6,4,5
4,,7,3,4,1,1,1,7,4,5,4,7,7,7,7,7,7
4,,7,3,4,3,3,3,5,4,5,5,4,5,4,5,4,4
3,,7,5,6,2,2,6,5,6,5,5,5,5,5,5,5,5
4,,5,3,3,2,3,1,6,3,5,7,2,5,4,3,5,5
3,,4,2,4,4,5,4,4,5,3,4,4,4,4,3,4,4
3,,6,2,4,1,1,1,3,1,3,3,6,5,5,4,2,6
4,,7,3,3,1,3,4,5,3,5,6,6,6,5,4,6,5
4,,6,0,5,2,4,4,2,2,3,3,5,5,6,4,1,5
4,,6,4,3,2,3,2,5,4,4,4,6,6,5,6,5,5
3,,7,4,5,2,3,3,5,4,5,5,6,6,4,7,5,5
1,,4,0,1,1,1,1,7,2,2,1,6,6,6,6,6,6
4,,6,3,4,2,2,4,6,2,4,4,5,5,5,5,5,5
3,,5,1,5,4,2,3,6,4,5,5,5,6,4,6,6,6
5,,7,3,2,1,1,1,5,1,2,4,1,2,5,4,2,2
4,,6,4,3,2,4,2,5,3,3,3,4,4,6,3,3,5
3,,7,4,6,3,3,4,5,5,5,5,5,5,5,5,5,5
5,,7,1,3,2,2,2,3,3,3,4,2,5,5,5,3,5
3,,7,4,5,3,3,3,6,4,5,6,6,6,6,7,4,5
3,,7,5,5,2,2,4,4,4,5,5,2,3,4,4,4,5
2,,6,3,5,3,3,4,5,4,5,6,6,6,4,5,4,4
8,trade apprenticeship,5,1,4,3,1,2,6,3,3,5,3,3,2,2,4,2
4,,6,3,5,2,2,2,6,4,4,3,7,7,7,7,3,3
2,,7,3,4,2,3,3,5,4,4,5,6,6,6,6,5,5
2,,7,5,7,6,4,5,5,5,5,5,5,5,4,5,4,5
3,,7,2,6,2,2,2,6,3,4,6,5,5,5,5,4,5
3,,7,4,6,3,3,3,3,3,5,5,5,5,5,5,6,5
5,,6,4,3,2,2,2,6,5,5,3,5,5,3,3,3,5
3,,6,2,5,3,2,3,6,1,3,5,5,5,5,5,5,5
5,,7,4,5,2,2,2,6,4,4,4,6,6,4,4,4,5
4,,7,5,3,3,2,3,6,4,4,4,5,5,4,4,5,6
3,,7,3,4,3,2,2,7,3,4,4,3,7,3,6,7,7
2,,7,3,3,2,1,1,7,2,4,6,7,7,4,7,4,7
5,,6,0,3,3,2,5,5,3,5,6,4,5,6,5,3,5
5,,6,4,4,4,3,3,5,4,4,5,6,6,6,5,6,6
5,,6,4,5,5,5,6,3,3,3,4,4,3,3,4,4,3
3,,7,2,4,3,2,2,5,3,4,5,3,5,5,4,4,5
4,,5,3,3,3,2,3,5,4,4,5,5,5,6,6,4,4
4,,7,2,2,1,3,1,5,1,3,2,3,5,6,6,5,3
4,,7,3,5,4,3,3,5,5,5,5,5,5,5,5,4,4
2,,4,3,4,2,3,3,4,4,3,5,3,5,2,4,5,5
8,HNC,6,3,4,2,2,3,5,2,4,4,5,4,5,5,6,6
5,,6,5,3,2,3,3,6,2,3,5,5,5,5,6,3,5
3,,5,2,2,3,3,3,5,3,4,5,4,3,3,4,4,3
3,,4,2,2,2,2,1,4,1,5,3,3,3,3,6,6,4
3,,7,3,4,2,1,2,5,5,5,6,6,6,6,6,6,5
4,,7,4,5,2,3,2,5,3,5,5,3,5,3,3,3,5
4,,6,1,2,1,2,2,1,1,3,3,5,4,4,4,4,4
4,,6,5,4,4,5,3,4,5,5,5,4,5,4,3,3,4
2,,4,2,5,3,3,3,5,4,4,5,5,5,4,5,5,5
3,,7,3,5,1,2,2,6,3,3,4,3,3,4,4,5,5
4,,7,2,3,2,3,2,5,3,5,5,7,7,7,7,4,4
3,,6,4,5,3,3,2,6,5,5,6,5,5,5,5,5,5
1,,2,3,5,2,2,4,5,3,3,5,5,5,4,3,4,4
2,,7,4,4,3,2,2,4,3,4,6,5,6,6,4,5,5
2,,4,4,4,3,3,4,5,3,3,5,5,5,3,5,4,4
5,,7,4,6,2,2,3,4,5,5,6,5,6,5,7,4,6
4,,7,5,5,5,3,3,5,6,5,5,5,5,5,6,3,4
2,,7,4,5,1,2,2,7,3,3,4,3,3,3,3,2,3
5,,7,5,6,3,2,2,2,2,3,5,6,3,5,2,2,6
4,,6,2,3,2,2,3,2,2,3,2,5,5,5,5,3,5
2,,7,2,1,1,1,1,6,3,5,5,5,6,4,5,5,6
2,,5,4,7,1,1,1,7,2,3,5,4,5,4,6,5,5
2,,7,2,3,3,2,3,7,3,3,4,5,4,4,5,4,5
4,,2,3,3,3,3,4,4,4,4,4,5,5,5,5,6,5
4,,7,3,3,1,3,2,5,2,4,3,1,1,6,2,4,7
5,,7,4,6,3,2,3,5,3,3,5,6,7,6,5,4,6
1,,7,3,3,2,1,1,7,2,3,6,6,7,6,6,7,7
4,,7,5,4,2,2,3,5,4,5,5,5,5,5,5,6,6
3,,7,4,4,2,3,2,7,4,4,5,6,6,6,6,6,6
5,,6,4,2,1,1,2,2,1,2,2,2,2,6,2,3,3
5,,6,3,4,3,3,4,6,3,5,3,4,5,3,3,3,4
4,,6,3,4,2,1,1,5,4,4,5,5,5,4,4,5,7
4,,3,1,3,6,2,4,5,4,3,3,4,4,3,5,4,4
5,,7,5,3,3,1,2,6,4,2,4,4,4,4,4,4,7
4,,4,3,6,3,3,3,5,4,5,5,6,7,6,6,6,6
4,,7,5,5,1,2,2,6,4,4,5,4,6,2,4,1,5
3,,1,1,3,3,2,3,4,3,3,5,5,5,3,5,4,5
4,,7,4,3,3,3,4,6,4,3,5,5,6,4,4,3,5
3,,7,2,4,2,2,2,6,4,4,3,3,3,3,6,5,5
4,,7,5,7,3,3,3,2,5,4,4,5,5,3,2,2,2
2,,6,5,4,4,3,2,6,6,5,6,4,5,4,1,1,1
4,,7,4,4,3,3,3,3,3,3,5,5,5,5,3,6,6
3,,6,4,3,2,3,2,5,3,3,6,5,5,3,3,3,3
2,,4,2,4,4,5,3,7,3,4,4,7,6,4,5,1,4
5,,5,4,5,3,3,3,4,4,5,5,4,5,5,4,5,5
4,,5,3,2,2,3,2,5,3,2,4,5,5,4,6,4,4
4,,7,3,6,3,4,3,5,5,5,5,6,6,4,5,4,5
4,,5,4,5,2,3,2,5,4,3,3,6,6,5,6,5,6
3,,5,4,3,4,2,3,5,4,5,5,5,5,4,5,6,6
3,,5,5,7,3,3,4,6,5,5,6,4,4,4,6,4,4
4,,7,4,5,3,2,3,5,3,5,5,5,7,5,6,3,5
5,,5,3,4,3,2,2,6,3,3,4,5,6,6,6,6,6
2,,7,4,4,3,4,4,6,3,4,6,5,5,4,7,4,4
5,,7,4,6,2,2,3,5,3,4,4,6,6,5,5,5,5
5,,6,4,7,6,6,3,5,4,5,5,5,5,6,7,5,5
4,,6,4,6,3,3,3,6,5,6,6,6,6,5,2,3,6
5,,7,4,3,1,3,4,5,4,4,5,4,7,5,2,4,4
3,,7,4,3,2,2,1,5,3,3,4,5,6,6,6,4,5
3,,4,2,4,2,2,1,6,4,3,5,4,4,5,5,6,5
5,,7,3,4,2,1,2,2,3,4,5,4,5,5,5,3,6
4,,7,4,3,5,2,5,3,3,5,2,5,5,3,6,5,5
4,,4,0,3,3,4,5,3,5,6,3,6,4,6,4,3,5
3,,4,3,5,3,3,3,4,4,4,5,5,5,5,5,6,4
2,,7,2,7,2,3,4,5,3,5,5,5,6,6,7,7,6
3,,7,4,5,4,3,5,6,4,5,5,3,5,3,4,3,4
2,,6,4,5,3,3,4,6,4,4,5,5,5,4,5,3,4
2,,7,3,3,1,1,1,7,1,4,4,3,3,4,5,5,5
3,,7,3,5,2,2,2,6,3,5,6,5,5,5,3,3,5
2,,6,3,3,3,4,2,5,3,4,5,6,6,5,6,6,5
4,,6,2,4,2,2,2,2,2,4,4,4,4,5,5,2,5
4,,6,4,5,1,1,1,5,5,6,6,6,6,5,7,5,6
4,,4,2,5,1,1,2,6,2,4,6,6,6,6,7,7,7
2,,7,2,5,3,2,3,5,3,3,5,5,6,5,5,5,5
5,,7,5,4,2,3,2,5,5,6,6,4,5,5,6,4,4
1,,7,2,3,3,2,4,3,2,3,5,4,5,4,3,1,5
3,,6,2,6,3,3,3,5,4,5,5,4,5,3,5,5,5
3,,5,2,3,2,1,2,7,2,4,5,7,7,5,7,6,7
5,,7,4,4,4,4,4,4,4,4,4,4,4,4,4,4,4
5,,4,2,5,3,2,4,5,3,4,4,4,4,4,4,6,6
4,,6,0,1,1,2,1,4,3,3,2,3,5,5,3,2,5
3,,5,0,1,1,2,3,6,1,3,3,6,5,4,5,5,7
3,,7,2,3,1,2,3,5,2,5,5,5,4,5,6,6,6
3,,5,0,4,3,2,2,6,2,5,5,5,5,3,3,5,3
5,,7,1,2,2,2,1,7,3,3,6,6,7,5,7,3,6
4,,7,0,4,1,1,1,4,1,4,6,1,1,1,1,1,7
3,,7,1,3,2,1,3,5,3,3,6,3,5,3,3,2,2
5,,6,4,5,3,3,4,5,4,5,3,5,5,3,5,5,5
5,,7,3,4,1,2,2,6,1,3,4,5,6,4,7,4,5
4,,5,4,6,5,3,3,3,5,5,5,5,5,5,5,6,6
2,,7,3,5,3,2,2,6,4,4,5,4,4,4,5,5,5
3,,7,4,4,1,1,3,6,2,3,5,5,6,5,5,6,6
3,,7,3,5,4,3,3,6,5,6,6,6,5,3,4,4,5
2,,1,0,4,1,4,3,5,1,1,4,1,1,1,1,1,1
4,,6,1,3,2,3,3,3,3,3,3,5,5,3,5,3,5
4,,6,4,5,1,2,1,5,2,3,5,6,6,4,6,6,6
5,,2,3,2,2,3,1,3,3,6,3,3,2,2,3,1,1
4,,5,2,3,2,2,3,5,3,3,3,4,4,4,4,4,5
4,,7,3,4,3,3,2,6,3,3,2,5,7,4,5,3,6
3,,7,2,6,2,2,2,3,3,4,3,6,6,6,6,6,6
5,,4,4,5,2,2,2,6,4,5,6,3,6,6,6,6,6
4,,6,4,3,3,2,4,5,3,3,5,4,4,4,4,4,4
4,,5,3,3,3,3,3,5,4,3,5,3,6,5,3,5,6
3,,4,1,4,3,4,4,3,4,3,5,4,4,2,4,3,3
3,,6,1,3,2,3,3,4,3,3,2,5,5,3,5,5,5
4,,7,4,5,1,4,3,4,5,5,2,5,5,4,5,4,5
4,,7,3,5,4,3,5,4,5,5,5,4,5,1,3,3,4
3,,6,3,4,1,2,2,7,4,5,4,5,6,6,7,4,6
5,,7,3,4,3,3,3,4,4,4,5,4,4,4,4,4,4
3,,6,1,4,1,2,2,6,2,5,3,5,6,5,6,6,5
4,,7,3,4,1,1,2,6,1,4,4,1,1,1,1,1,1
3,,7,3,4,4,3,3,5,3,4,5,4,5,4,4,5,5
4,,7,3,5,2,3,3,5,4,5,4,4,5,5,4,4,5
5,,7,6,5,5,3,5,4,4,6,6,5,5,4,6,4,6
4,,7,3,4,3,2,4,5,3,4,2,5,5,4,4,3,5
5,,7,3,3,2,2,3,7,3,5,5,6,5,2,6,4,2
4,,6,4,5,4,2,2,4,4,5,5,5,5,6,4,4,5
4,,5,2,2,3,2,2,3,2,3,5,4,5,3,5,5,5
3,,7,0,5,1,2,1,6,1,6,6,6,6,6,6,6,6
3,,5,2,4,3,3,3,5,4,5,5,5,5,6,6,6,5
4,,6,1,2,2,1,2,4,2,2,2,4,4,5,4,5,4
4,,5,4,2,2,2,3,4,3,3,6,5,6,3,5,4,4
2,,7,2,4,5,3,3,6,5,3,1,6,6,5,4,7,7
4,,7,4,4,2,2,2,6,3,4,4,5,6,4,4,4,5
4,,6,1,6,1,4,3,4,5,4,6,4,4,4,4,4,4
4,,7,5,4,2,2,2,5,4,4,3,4,4,6,4,4,6
3,,5,2,6,2,3,3,5,4,5,5,5,5,5,5,5,5
3,,7,1,3,2,2,2,6,3,3,3,4,4,4,4,4,4
3,,7,4,3,1,1,1,6,2,4,6,5,7,4,4,4,5
4,,5,1,3,2,2,2,5,2,4,5,6,6,4,3,2,2
5,,7,0,5,3,3,4,6,2,3,6,1,6,1,2,1,5
3,,6,3,4,2,2,2,6,6,5,7,4,5,4,6,4,4
4,,4,2,3,3,3,4,5,4,4,4,5,5,3,5,4,4
1,,4,1,4,3,3,4,5,3,4,3,4,5,5,5,4,5
2,,5,4,6,2,2,1,7,6,5,5,5,5,3,5,2,2
4,,5,2,4,3,2,3,6,3,3,3,7,7,7,7,7,7
3,,4,3,4,4,4,4,4,4,2,4,4,6,6,6,6,6
4,,7,5,6,2,2,3,6,5,6,7,6,6,4,5,6,6
4,,7,4,3,4,5,5,5,5,5,5,6,6,4,6,5,5
1,,7,4,3,3,3,3,6,5,3,4,5,5,5,5,5,5
5,,7,4,3,3,2,3,5,3,2,2,5,5,7,7,6,6
5,,6,1,1,2,2,1,2,1,1,3,6,6,6,6,7,6
3,,6,2,5,2,3,4,5,5,4,5,4,5,5,4,3,3
1,,4,3,5,2,2,2,6,3,4,5,3,3,3,3,3,3
1,,7,3,5,3,2,2,5,2,4,5,5,5,4,5,4,5
3,,7,4,6,4,4,6,6,4,5,4,6,6,1,5,3,5
2,,7,3,4,2,2,3,3,4,4,5,4,5,6,5,4,4
4,,7,5,5,1,1,1,7,1,5,5,6,7,5,6,4,5
5,,7,4,5,3,4,4,4,4,4,3,3,5,4,4,3,4
4,,6,4,5,3,3,3,6,5,5,6,5,5,3,3,2,5
4,,7,1,3,2,2,2,6,2,3,3,5,5,5,5,5,5
4,,7,5,4,3,3,3,5,4,5,5,6,6,5,6,6,6
4,,6,4,6,3,4,5,5,6,6,5,7,5,6,4,4,5
4,,6,4,3,3,4,3,6,3,4,5,4,5,4,4,4,4
3,,4,4,6,3,3,3,6,5,5,6,6,6,5,4,6,6
3,,7,3,5,3,4,5,6,3,3,5,5,5,4,5,4,5
4,,4,2,2,2,2,1,6,6,6,5,3,3,3,3,3,3
5,,7,2,2,2,2,2,6,2,3,3,4,5,5,5,5,5
5,,5,3,4,4,4,4,4,4,4,4,4,4,4,4,4,4
3,,7,4,3,1,1,2,6,2,3,3,5,5,5,5,4,7
5,,7,3,5,3,2,3,5,4,3,3,4,3,5,3,3,3
4,,7,4,1,1,2,1,5,5,6,5,2,2,1,2,2,3
1,,7,6,6,1,1,1,7,5,6,6,7,7,7,7,7,7
4,,7,3,4,2,3,3,5,3,3,5,5,6,3,4,4,4
4,,4,3,5,1,1,3,5,1,3,2,1,1,5,5,3,6
4,,6,3,3,2,2,3,6,3,4,6,5,5,3,5,4,5
4,,7,2,2,1,2,2,6,2,2,5,2,5,5,4,4,5
4,,7,4,6,2,3,2,3,3,3,5,5,5,3,4,3,5
3,,7,5,5,2,2,1,5,4,3,3,4,4,6,6,4,4
3,,4,3,3,3,2,3,5,5,5,3,4,4,4,4,4,4
2,,7,4,4,2,2,3,7,4,6,6,3,6,6,6,2,6
4,,6,1,3,2,2,2,4,3,4,4,5,6,5,4,4,5
2,,4,3,4,4,4,4,4,4,4,4,4,4,4,4,4,4
5,,4,4,2,2,4,4,3,4,3,5,5,6,2,4,2,4
3,,7,4,5,1,2,2,4,4,5,5,5,5,5,5,3,4
5,,7,3,6,3,3,6,4,5,4,5,5,5,5,6,5,5
5,,5,4,4,3,3,3,5,4,4,5,6,6,2,7,2,3
5,,7,3,3,2,2,2,5,2,3,4,5,5,6,4,4,4
8,HND,7,4,4,3,3,4,5,5,5,5,4,5,5,5,5,5
3,,6,4,4,2,2,4,5,3,4,5,5,5,2,4,3,5
4,,7,1,2,1,1,1,7,2,1,1,3,3,7,2,2,7
4,,7,4,4,3,4,4,6,5,3,3,6,6,4,5,5,5
4,,7,2,4,1,2,3,5,4,4,4,4,4,3,4,5,5
3,,7,4,5,2,1,3,5,5,5,6,7,6,5,7,6,6
3,,7,3,3,2,2,3,4,2,4,5,5,5,6,5,4,6
2,,7,2,6,1,1,1,5,3,5,6,6,6,5,5,6,6
4,,6,5,3,2,3,3,5,3,4,5,2,2,1,1,1,1
4,,7,3,4,2,3,3,4,4,4,6,7,7,2,7,5,6
4,,6,4,4,3,3,4,6,4,5,6,5,5,4,5,5,5
3,,3,2,2,3,4,3,5,4,5,5,3,4,4,3,3,4
4,,7,4,4,2,2,3,5,2,4,5,3,5,4,5,5,5
4,,7,3,5,2,4,5,5,4,4,6,5,5,3,4,3,5
3,,7,4,4,1,1,3,5,2,5,5,5,7,3,3,3,3
5,,7,3,2,1,1,1,3,3,3,5,5,5,5,3,3,5
4,,7,2,5,3,1,3,3,3,5,5,5,6,5,6,2,3
4,,6,4,6,2,2,2,6,3,2,5,6,6,2,7,5,5
2,,4,3,5,4,4,3,4,4,5,7,5,5,4,4,6,4
4,,3,2,5,2,1,2,6,5,4,5,6,6,5,6,5,5
2,,6,3,5,5,4,3,5,5,4,5,5,5,3,5,5,5
4,,5,5,4,3,3,3,5,6,4,5,6,5,6,6,6,5
3,,7,4,4,1,1,1,4,3,4,5,5,5,4,6,5,5
5,,7,2,4,3,3,4,3,4,5,5,5,5,5,6,4,6
2,,7,4,4,3,3,2,5,4,5,5,5,5,4,5,5,5
3,,4,3,6,3,4,3,5,4,4,5,4,4,4,4,4,4
4,,7,0,4,1,1,2,7,6,5,5,6,6,6,7,6,6
4,,7,4,5,2,3,2,6,2,3,4,5,5,3,4,5,5
2,,5,3,4,4,4,4,4,4,4,5,4,4,4,3,4,4
2,,7,3,5,1,1,1,7,4,4,4,5,5,4,4,3,3
4,,4,3,4,4,2,3,4,3,4,4,6,6,6,6,6,6
4,,7,1,3,2,2,2,4,3,4,5,5,5,5,4,3,6
4,,6,5,7,4,3,6,6,4,3,5,5,6,5,5,6,6
5,,7,1,3,3,2,3,5,4,4,5,5,5,4,4,5,5
4,,7,5,6,6,5,4,4,3,3,5,4,3,4,4,3,3
3,,7,1,2,1,1,1,5,2,2,3,6,6,4,5,4,7
4,,4,3,4,4,3,2,3,5,3,4,5,3,4,5,6,5
4,,6,1,2,1,2,2,6,2,3,5,6,7,4,6,6,6
2,,5,3,4,3,3,4,4,4,5,5,5,5,4,4,4,5
3,,6,4,6,3,3,5,5,4,5,5,5,5,5,5,5,5
4,,4,4,4,3,2,4,6,4,4,6,3,4,2,4,2,5
5,,5,4,2,1,1,3,2,1,2,3,2,4,5,3,2,6
4,,7,5,7,5,5,6,3,5,6,6,5,5,5,5,3,3
4,,7,2,3,1,1,1,7,6,6,2,5,5,5,5,5,5
4,,7,4,5,3,3,3,5,4,4,5,5,5,4,5,5,5
3,,7,4,5,2,3,3,6,5,5,5,6,6,6,6,6,6
3,,2,6,7,7,7,7,1,7,4,7,7,7,7,7,7,7
4,,6,4,3,3,3,3,3,2,3,3,5,5,5,5,5,5
2,,4,4,4,3,4,4,5,4,4,4,4,4,3,5,4,4
5,,7,3,5,3,3,3,4,2,3,3,4,5,5,7,4,6
2,,5,2,3,3,1,3,6,3,4,5,5,3,6,5,5,4
3,,5,5,4,3,4,2,5,4,6,6,4,5,3,5,3,2
2,,6,3,5,3,4,2,3,4,5,3,3,6,5,3,4,5
4,,5,3,4,2,3,4,6,3,4,5,5,6,4,4,5,7
4,,7,3,3,2,1,3,6,3,4,4,5,5,4,5,5,6
3,,6,4,5,3,3,3,4,4,5,5,3,3,3,3,3,3
2,,4,3,3,1,2,2,6,3,5,3,5,5,4,6,4,5
4,,6,4,3,1,1,1,6,2,3,3,1,1,1,1,1,1
4,,7,3,5,1,1,3,6,4,4,2,4,5,4,2,3,5
5,,7,5,6,3,5,5,5,5,5,6,5,5,6,3,3,6
2,,5,1,3,2,2,2,6,2,3,3,5,5,5,4,5,6
4,,7,2,4,1,3,3,6,1,3,4,2,2,2,2,2,2
4,,7,3,5,3,3,3,6,5,3,4,3,5,4,5,3,3
5,,4,2,3,3,3,3,5,4,5,5,5,5,5,5,5,5
3,,4,1,4,3,3,2,5,3,5,3,4,4,4,4,4,4
3,,7,3,3,2,2,2,6,2,3,3,3,5,3,3,3,5
3,,7,4,5,4,3,3,6,5,3,3,4,5,4,3,2,4
5,,7,3,4,2,3,3,6,4,5,4,7,7,6,7,7,7
3,,4,4,5,3,1,4,5,4,5,6,5,5,5,5,3,5
2,,6,2,4,3,2,4,5,3,4,3,4,5,4,7,5,5
1,,7,5,7,1,1,1,7,6,5,5,5,5,6,6,6,7
4,,7,4,5,1,2,2,4,3,5,4,5,5,5,6,6,6
4,,7,4,5,1,2,3,5,3,5,6,5,6,3,6,2,3
3,,5,3,3,3,2,2,6,3,3,5,5,5,6,6,6,6
4,,7,3,5,5,4,4,6,3,4,5,5,5,4,7,5,5
4,,5,3,3,2,2,3,5,3,3,5,4,6,6,6,5,7
3,,7,4,4,3,2,3,3,3,3,4,5,6,4,5,4,5
4,,7,4,4,4,4,4,5,5,5,5,3,3,3,3,3,3
5,,6,4,4,4,4,4,4,4,4,4,5,5,5,5,5,5
4,,4,3,4,4,5,3,5,4,3,5,3,3,5,3,5,4
2,,4,1,4,1,1,2,4,5,4,5,6,6,4,4,4,4
4,,7,2,4,2,4,3,4,4,4,5,4,5,5,4,4,4
4,,7,4,5,2,4,3,5,5,5,5,5,5,4,6,4,5
4,,7,3,3,3,3,3,5,3,4,4,5,5,2,4,4,4
4,,7,5,3,1,1,1,7,3,3,6,1,7,5,5,5,7
2,,6,2,5,3,3,3,5,2,3,5,5,5,4,5,4,5
2,,6,2,3,2,1,4,6,4,5,5,5,5,3,6,3,5
5,,6,3,2,2,3,3,6,3,3,3,6,6,6,7,6,4
5,,7,4,5,4,4,4,4,4,4,4,4,5,5,5,5,5
3,,7,4,5,1,2,2,6,5,5,6,6,6,5,5,2,6
3,,6,3,3,2,2,3,4,4,3,4,5,6,2,2,2,5
5,,6,3,4,3,3,3,5,3,3,3,3,3,3,3,3,3
4,,7,3,5,4,4,4,5,5,5,6,4,5,5,4,4,5
4,,7,2,4,2,2,4,5,3,4,5,5,4,5,4,6,6
4,,6,4,5,3,2,2,6,3,4,4,5,6,5,6,5,6
4,,7,5,3,2,3,4,6,5,6,6,2,2,2,2,1,2
4,,7,2,5,3,2,3,5,4,4,6,5,5,3,3,4,5
1,,5,2,5,3,3,3,3,6,2,3,5,6,5,5,3,5
2,,4,1,5,2,1,3,7,5,5,6,5,5,6,7,4,5
4,,4,3,4,5,3,3,5,3,4,3,5,5,4,4,5,5
4,,7,1,4,4,3,4,5,4,4,4,4,4,4,4,4,4
5,,6,4,3,2,3,3,5,4,5,5,4,5,5,5,4,3
4,,7,3,2,2,3,2,6,4,5,5,6,6,5,5,5,5
3,,7,2,5,4,3,3,6,4,5,5,4,5,5,5,5,5
3,,7,4,6,1,1,2,7,2,5,6,6,6,5,6,5,6
4,,7,5,3,2,3,3,5,5,5,6,5,5,2,3,6,6
4,,7,3,5,3,3,3,5,3,4,5,5,5,6,5,4,6
4,,7,4,6,3,3,4,7,4,3,5,7,7,6,6,6,6
5,,7,2,3,2,2,2,2,3,3,5,4,4,4,4,4,4
5,,7,4,5,3,4,4,5,3,4,5,5,5,5,5,5,5
4,,7,2,6,3,3,2,6,4,3,5,6,5,4,7,2,2
2,,6,3,5,3,2,4,5,3,4,2,5,5,6,4,6,4
3,,7,4,3,3,2,2,3,3,5,5,3,6,5,6,3,6
3,,7,2,3,1,3,2,6,2,5,6,5,6,3,5,2,6
3,,5,6,6,3,6,3,5,6,6,7,6,6,2,5,2,5
3,,7,3,2,1,1,2,6,3,4,4,3,4,5,5,4,5
4,,7,1,3,3,3,3,5,3,3,5,4,4,4,4,4,4
4,,4,4,6,2,4,3,5,3,5,3,6,6,6,4,5,6
4,,7,5,2,2,3,3,5,2,3,3,5,6,4,5,5,5
3,,7,1,4,3,4,5,5,4,4,5,5,5,4,5,4,5
4,,7,5,6,5,1,4,5,5,6,7,3,6,5,2,1,7
3,,4,2,5,2,1,3,6,4,4,4,5,6,4,5,4,5
5,,6,3,4,3,2,3,6,2,2,2,2,2,5,4,4,6
4,,4,0,2,1,1,2,7,2,3,6,6,6,6,5,5,6
5,,7,3,4,3,3,3,5,3,4,4,6,5,6,6,6,6
2,,5,4,5,2,2,2,6,5,3,3,6,6,6,6,7,6
4,,7,2,3,2,2,3,4,2,5,5,5,5,4,5,5,4
5,,7,5,6,2,1,3,6,4,5,6,5,5,6,5,5,5
3,,4,2,4,3,3,3,5,4,4,5,4,4,5,6,6,6
4,,6,3,6,2,3,2,4,3,5,3,6,7,2,5,4,6
3,,7,3,4,3,2,3,4,5,5,5,5,6,5,7,5,3
2,,7,3,5,5,5,3,5,4,5,5,3,2,1,3,3,3
5,,4,0,1,1,1,1,7,2,4,5,6,6,5,5,4,5
4,,5,3,3,3,2,3,5,5,3,4,5,5,6,5,4,4
5,,6,3,3,2,2,3,4,4,3,3,5,6,4,5,4,4
5,,7,3,2,2,2,2,6,6,6,6,5,5,5,4,4,4
4,,7,0,4,2,2,3,7,1,2,1,2,5,6,6,7,7
4,,4,0,1,1,1,1,4,1,1,2,4,4,3,4,3,4
5,,6,3,4,3,3,3,4,3,4,4,4,4,3,3,3,3
4,,6,4,2,2,2,2,7,3,3,2,3,3,6,3,5,5
4,,7,5,3,2,3,2,6,5,5,6,5,3,5,6,3,7
3,,5,2,4,3,1,3,5,3,5,5,6,5,5,6,5,6
4,,7,2,4,4,4,4,4,4,5,6,5,7,7,5,6,5
4,,7,4,3,2,3,3,7,3,4,3,6,6,6,6,6,6
5,,7,4,7,3,3,3,6,5,5,6,6,6,4,6,5,6
3,,4,2,3,3,2,3,4,3,3,3,4,4,4,4,5,4
5,,7,5,3,2,3,5,3,2,1,3,3,5,5,5,3,3
3,,7,5,7,3,3,4,5,5,5,5,6,6,5,6,2,5
4,,7,5,4,4,5,4,5,4,5,5,5,5,5,5,5,5
4,,5,4,3,3,2,1,4,3,3,3,2,2,2,2,2,2
4,,5,3,5,3,3,3,4,4,5,5,5,5,5,7,6,6
2,,5,5,5,3,2,2,5,5,4,5,5,5,6,7,5,5
2,,7,5,6,3,2,4,6,5,5,5,5,5,4,7,4,5
5,,7,3,4,1,2,3,6,4,5,6,5,6,5,6,3,4
4,,6,4,4,3,3,3,5,3,5,5,5,5,5,5,5,5
8,Technical qualifications,7,3,6,3,3,4,5,6,6,6,5,5,4,4,4,4
3,,5,2,4,3,3,3,4,3,3,5,5,6,5,6,3,5
5,,7,2,3,2,5,3,6,2,3,3,6,5,5,4,3,4
5,,6,3,5,3,3,3,4,4,5,5,5,5,4,5,4,4
4,,4,1,3,2,2,3,4,4,5,6,6,5,5,4,4,6
4,,7,4,3,1,1,3,5,4,5,5,5,6,5,3,4,4
2,,7,3,5,2,3,3,5,3,2,3,5,5,3,4,4,4
2,,4,3,4,4,5,4,4,4,3,4,6,5,4,5,4,4
4,,7,4,6,3,2,2,6,2,2,5,5,5,3,6,5,3
2,,5,4,4,3,3,4,5,5,5,5,5,5,4,4,4,4
3,,6,0,4,1,2,3,5,3,4,4,4,5,4,5,5,4
4,,7,4,3,2,3,3,5,3,4,4,5,5,4,4,5,5
4,,6,3,6,3,3,3,5,4,4,3,6,6,6,6,4,5
3,,6,2,4,3,3,3,6,3,5,6,5,5,4,4,4,4
4,,5,4,4,2,3,4,4,3,5,5,5,5,5,4,4,5
5,,7,4,5,2,2,5,5,4,5,6,5,5,5,5,5,5
4,,7,2,3,2,2,3,3,2,3,5,5,5,5,5,3,5
2,,7,3,4,3,3,3,5,4,3,4,5,5,2,2,2,2
2,,6,1,2,1,1,1,3,2,3,2,4,5,5,5,2,6
4,,7,4,5,6,5,5,4,5,5,5,5,6,6,6,6,6
4,,7,4,2,1,2,2,4,1,5,4,5,5,4,5,3,6
4,,5,3,3,1,3,3,4,2,2,3,5,5,5,5,4,4
4,,7,2,4,2,1,2,6,4,6,7,5,6,4,4,4,4
4,,6,5,5,2,2,2,4,4,3,5,6,6,5,6,6,6
4,,7,4,4,3,3,3,3,4,3,3,3,4,5,3,2,5
4,,6,4,5,3,4,5,5,4,5,5,5,5,5,5,5,5
2,,7,4,5,5,3,4,5,3,5,5,5,5,3,5,2,4
4,,4,3,7,3,3,3,5,2,4,6,1,1,1,1,1,1
3,,6,4,4,2,1,3,4,5,3,4,5,5,6,6,5,6
5,,7,4,3,3,3,3,3,4,5,6,7,6,5,6,5,6
4,,6,4,4,4,5,5,3,4,5,5,4,6,4,4,4,4
4,,7,5,4,1,2,2,4,3,4,4,4,4,3,3,2,6
3,,6,4,6,3,3,2,6,4,5,5,6,6,5,5,6,6
2,,7,2,3,3,5,5,3,4,4,5,6,6,5,5,3,5
4,,7,4,6,3,3,5,5,4,5,5,6,5,5,6,5,5
5,,6,4,6,4,4,3,5,4,4,4,5,5,4,4,4,4
4,,7,4,4,2,1,2,3,1,3,3,6,7,6,7,6,6
2,,7,3,4,5,5,4,2,3,3,5,5,5,5,5,5,5
3,,7,1,4,2,2,1,6,3,3,6,6,7,6,5,3,6
4,,6,3,3,3,3,4,4,3,5,3,5,5,5,5,5,5
2,,6,1,5,4,3,3,5,4,4,5,4,4,5,3,5,5
2,,6,3,3,3,2,3,5,3,4,5,5,5,5,5,5,5
5,,6,1,3,2,2,3,6,3,3,3,2,2,3,5,5,5
5,,7,4,5,3,3,3,5,3,5,4,5,5,5,4,3,6
2,,6,5,6,4,6,4,4,5,5,5,5,4,3,5,5,5
4,,2,4,3,3,3,2,5,3,5,6,5,6,5,5,3,5
5,,6,2,3,3,3,4,4,5,3,3,6,6,5,5,4,5
2,,5,4,4,3,3,3,5,5,5,5,5,5,5,6,6,6
4,,5,2,3,2,2,3,5,2,3,5,6,6,7,7,7,6
3,,4,4,4,2,2,4,6,4,3,5,7,7,6,7,7,7
3,,7,3,6,3,3,3,6,4,3,6,6,6,4,6,6,6
4,,7,1,4,3,3,5,4,4,5,4,2,4,6,4,2,7
4,,7,0,7,6,3,4,7,7,7,7,7,7,7,7,7,7
2,,6,4,6,3,3,5,3,5,5,5,5,5,4,5,4,5
4,,6,2,3,3,3,2,6,3,3,3,5,5,3,6,3,3
2,,4,2,4,3,3,4,5,3,3,3,5,5,4,5,4,4
4,,7,5,5,5,5,5,5,5,5,5,6,6,4,6,4,4
4,,7,6,3,1,3,4,5,4,5,6,5,6,5,5,5,6
3,,7,3,5,3,2,4,3,3,2,4,3,6,5,3,2,6
4,,7,3,5,3,4,3,6,4,5,5,5,5,2,4,4,5
4,,6,2,3,3,3,3,6,4,5,6,4,4,4,4,4,4
4,,7,2,5,3,2,4,6,1,5,6,6,6,6,4,3,6
3,,7,3,2,2,1,3,4,4,3,3,4,4,5,5,3,3
4,,7,4,4,3,3,3,6,6,5,5,5,5,5,6,6,5
4,,7,3,4,3,3,5,4,4,4,4,4,4,4,4,4,4
2,,6,2,3,1,1,2,6,4,4,5,5,5,5,5,5,5
3,,4,1,1,1,1,1,6,2,2,2,6,6,5,2,2,5
5,,3,5,3,2,2,4,6,4,5,5,4,4,4,4,4,4
3,,6,2,2,2,2,4,4,4,2,5,2,5,3,4,5,4
3,,7,4,7,3,4,5,5,5,5,5,3,5,5,5,4,3
4,,3,3,3,1,1,1,5,2,2,3,3,5,2,5,2,2
3,,5,1,4,2,2,3,5,4,3,4,5,4,4,3,5,5
5,,7,4,5,4,4,4,5,3,3,4,5,5,5,5,5,5
4,,7,5,5,3,3,3,5,4,5,5,6,6,4,6,5,5
4,,7,3,3,2,1,2,6,2,4,5,6,6,3,7,1,1
4,,4,5,5,3,2,4,7,5,5,5,5,5,4,6,3,4
1,,7,5,7,3,5,5,5,3,5,5,5,6,3,5,5,5
2,,7,1,4,3,1,2,6,4,5,5,5,6,6,7,6,6
5,,7,4,6,3,3,3,5,4,5,6,5,6,5,6,3,6
2,,5,4,5,3,3,4,5,5,6,5,4,5,5,4,5,4
4,,7,3,4,1,1,1,4,4,3,5,1,1,6,4,4,4
4,,5,1,3,2,2,3,6,4,5,6,6,6,6,6,7,7
2,,7,6,5,1,1,1,7,5,5,4,6,6,6,2,6,7
5,,6,3,3,2,2,2,5,4,3,3,5,5,3,5,2,3
3,,7,3,3,3,3,4,5,4,5,6,5,4,4,4,4,5
2,,7,1,4,1,2,2,5,2,4,3,5,5,3,4,4,5
4,,7,4,6,1,1,1,7,4,5,5,5,5,6,4,2,3
5,,6,4,5,3,3,3,5,3,3,4,5,5,3,5,4,5
3,,6,3,4,3,3,4,4,4,4,4,5,5,5,5,5,5
2,,7,3,3,3,1,4,5,3,5,5,5,5,6,3,3,5
4,,6,2,2,3,2,3,4,2,2,3,5,5,3,5,4,4
4,,6,2,5,2,6,3,6,5,5,3,5,6,4,6,5,6
4,,7,4,5,3,4,5,5,2,3,5,5,4,3,3,5,5
5,,6,4,2,3,3,3,6,3,3,4,6,6,6,6,6,6
4,,7,5,5,3,4,3,5,5,5,6,3,4,3,4,4,3
3,,7,5,6,5,3,3,4,4,5,5,7,7,7,7,7,7
5,,7,5,7,5,4,3,6,5,5,6,6,6,5,6,4,5
2,,4,4,6,4,4,5,4,2,4,4,5,5,4,6,3,3
3,,6,3,7,5,3,2,5,3,4,4,5,5,2,4,3,5
5,,6,3,3,2,2,5,3,3,2,2,3,4,7,7,7,7
4,,6,4,5,1,2,4,6,3,4,5,5,6,1,4,4,4
4,,7,3,4,3,1,2,5,3,4,1,1,1,1,1,1,1
3,,6,1,3,3,2,4,5,3,4,4,6,6,5,5,5,6
5,,7,4,4,3,3,3,5,4,4,5,4,4,5,5,5,5
2,,6,5,3,2,2,3,5,3,4,5,5,5,3,5,5,5
4,,7,5,3,2,2,1,6,3,3,3,5,6,5,5,5,5
4,,7,2,1,3,1,1,7,3,3,3,5,5,5,4,3,5
3,,7,3,4,2,2,2,4,4,3,5,4,3,4,3,5,5
4,,7,5,3,3,4,2,4,4,2,5,5,5,3,4,4,5
3,,7,4,6,3,3,3,3,5,6,6,6,6,5,6,5,6
4,,4,2,4,2,2,3,6,3,5,5,5,7,5,5,4,6
4,,7,4,3,2,5,5,4,5,5,6,6,6,5,6,3,5
2,,6,3,5,3,4,3,5,3,5,5,5,6,4,5,5,5
5,,6,4,4,2,2,2,6,5,3,5,5,5,5,5,5,5
2,,4,4,6,3,3,4,5,4,5,6,4,5,3,5,4,4
3,,7,3,5,2,3,3,5,3,4,3,5,5,5,5,3,3
4,,6,4,6,3,3,3,6,3,5,5,5,5,4,5,5,5
3,,7,3,3,3,3,3,5,2,3,4,6,6,4,5,5,5
2,,4,3,4,3,3,3,6,4,5,5,6,6,3,5,4,4
2,,5,3,4,2,3,3,6,4,5,5,5,4,3,4,5,4
4,,6,4,7,5,4,3,5,5,4,6,5,5,5,5,5,5
3,,6,5,3,2,3,2,6,3,3,5,5,6,5,6,3,4
2,,6,2,3,2,2,1,5,3,5,5,5,5,3,4,3,4
4,,7,4,5,2,2,3,5,4,5,5,5,5,4,5,4,6
4,,7,6,3,1,4,3,5,3,4,6,2,6,2,5,5,5
4,,5,4,6,3,3,3,5,3,4,5,4,4,4,4,4,4
3,,4,4,3,1,1,1,6,2,5,3,5,6,4,7,5,7
5,,7,1,3,1,1,1,6,2,2,6,7,7,6,7,3,4
4,,7,5,6,3,3,6,4,4,6,6,6,6,4,6,5,6
4,,6,3,5,1,3,3,5,3,4,4,2,5,5,6,5,6
4,,7,1,4,1,3,1,7,2,5,2,5,3,6,4,4,4
4,,7,4,4,2,2,2,3,3,5,5,5,5,4,4,2,4
5,,6,4,3,3,2,3,4,3,4,4,4,4,4,5,4,6
4,,7,2,1,2,2,1,4,3,3,3,6,7,6,7,4,6
3,,5,4,4,3,3,4,5,4,4,5,3,5,3,2,3,5
4,,6,3,5,3,3,3,5,3,5,5,4,5,6,5,6,6
4,,6,4,5,3,3,3,3,3,5,5,3,3,3,5,5,5
4,,4,2,4,3,3,3,6,5,4,5,5,5,5,6,5,5
5,,5,1,4,3,3,3,6,3,4,2,6,6,5,5,5,6
3,,6,1,6,3,3,3,4,3,4,5,5,5,3,4,4,3
4,,7,3,4,3,3,3,7,4,3,5,5,6,5,5,4,5
5,,6,4,4,4,3,3,5,5,4,4,4,4,4,4,4,4
2,,7,6,4,4,4,3,6,7,7,7,7,7,3,6,4,5
2,,7,5,6,2,3,2,5,5,5,5,6,5,5,6,2,6
3,,7,5,5,1,2,2,6,6,5,5,5,6,5,4,5,5
5,,7,4,4,3,1,1,7,7,5,2,2,1,1,1,1,1
4,,7,3,2,1,1,1,7,2,3,5,5,5,4,4,3,3
2,,4,3,4,3,3,4,4,4,4,5,4,4,4,6,4,4
4,,7,3,2,2,3,2,4,5,3,5,5,4,3,5,4,5
4,,4,3,4,4,2,3,4,3,5,5,5,4,4,4,4,5
2,,5,4,6,3,4,5,5,5,5,5,4,5,3,5,4,5
4,,2,2,5,1,1,2,6,2,3,4,4,5,5,5,5,5
4,,6,4,3,3,2,3,7,3,3,4,5,6,6,4,5,7
3,,7,5,6,2,3,3,2,2,3,2,2,3,2,4,1,2
3,,4,2,5,2,3,3,5,3,4,5,5,4,5,4,5,3
3,,5,2,6,3,4,4,3,6,6,6,6,6,4,6,5,5
5,,5,1,2,3,4,1,2,3,5,6,5,5,1,5,1,4
4,,3,5,3,2,2,2,7,2,3,3,5,4,6,6,4,5
2,,6,5,4,2,3,3,5,5,5,6,5,5,5,5,4,5
4,,6,4,4,2,2,3,5,4,5,6,6,6,5,6,5,5
3,,6,3,5,3,4,3,5,5,5,5,6,5,4,5,4,5
4,,7,6,5,3,4,5,5,3,4,6,3,2,3,2,1,1
2,,5,3,4,3,4,4,3,6,6,5,4,4,4,4,4,4
2,,7,2,6,4,4,4,5,5,5,5,7,7,4,6,4,5
3,,7,5,7,5,5,5,6,6,6,6,5,5,2,4,4,4
5,,7,1,3,3,3,2,6,3,5,5,3,5,5,5,5,5
2,,7,4,6,3,3,3,5,3,5,5,5,5,1,5,5,5
5,,6,5,6,3,4,4,3,5,5,5,6,6,4,7,4,4
2,,6,1,2,1,1,2,3,1,2,3,4,5,4,5,2,2
2,,6,4,2,3,2,2,5,6,6,5,6,5,6,6,4,5
2,,7,4,5,3,2,2,6,4,5,6,5,6,6,6,6,6
5,,7,4,3,2,2,2,5,3,3,5,5,5,6,6,6,6
3,,7,4,4,3,3,3,5,4,4,5,5,5,5,5,5,5
3,,6,4,3,2,2,3,5,3,3,4,3,5,2,3,3,5
8,PDA ,7,3,5,1,1,3,5,4,4,6,5,5,3,5,5,5
3,,7,1,6,3,4,3,5,3,5,3,6,7,4,5,4,5
4,,7,3,4,3,1,3,6,4,6,6,4,5,5,6,7,7
2,,7,5,5,3,2,2,7,5,5,6,7,6,6,7,5,6
5,,7,5,3,2,2,2,5,5,5,7,5,5,3,6,5,5
2,,6,0,3,3,2,3,4,3,4,3,4,5,2,2,2,5
3,,7,4,4,3,3,3,5,2,4,5,5,6,4,6,6,6
2,,4,3,4,3,3,4,4,4,4,4,4,4,1,4,4,4
3,,4,1,5,2,1,2,6,3,5,5,3,4,5,5,3,4
3,,6,4,3,2,1,2,5,4,5,5,5,6,2,6,4,4
4,,7,6,7,6,7,7,7,7,7,7,7,7,4,4,2,4
2,,7,4,5,3,4,5,6,3,4,5,5,6,5,3,4,2
5,,7,4,3,2,2,3,5,2,3,4,4,5,3,5,3,3
4,,7,5,5,4,4,4,5,4,5,6,5,5,4,5,4,5
4,,7,6,6,6,3,4,4,5,6,6,2,2,2,3,2,3
4,,5,1,1,1,1,1,5,2,2,3,3,5,6,3,5,5
5,,7,3,3,2,2,2,6,4,3,5,4,5,5,4,3,3
5,,7,1,3,1,2,1,3,3,3,3,5,5,5,3,2,3
3,,4,0,2,2,1,2,7,1,2,5,2,3,3,2,2,2
2,,6,4,4,3,3,3,6,6,5,5,6,5,5,6,5,4
3,,7,5,6,2,3,3,5,3,5,4,5,6,5,5,4,4
4,,7,4,5,3,3,3,5,4,4,5,5,5,4,4,3,5
3,,6,5,6,5,5,5,4,4,5,5,5,5,2,2,2,3
5,,7,3,2,2,2,4,4,2,2,3,6,6,5,6,5,6
3,,4,0,3,3,2,3,5,2,3,3,2,2,2,2,1,2
4,,7,4,4,3,3,4,5,5,4,5,5,6,4,5,4,4
4,,6,4,2,2,3,2,6,4,5,6,6,6,4,5,3,5
2,,4,3,4,3,3,3,5,4,4,4,3,3,3,3,3,3
4,,7,5,5,4,5,6,5,5,5,5,5,5,5,5,5,5
3,,4,2,3,2,2,4,5,3,4,5,5,5,5,6,5,6
4,,5,4,5,3,2,2,6,4,5,5,5,5,5,6,3,5
3,,4,1,4,1,1,1,7,5,4,5,4,4,4,7,4,2
2,,1,0,4,4,4,4,4,4,4,4,4,4,4,4,4,4
2,,7,2,2,1,1,1,7,2,3,5,5,6,3,7,1,6
2,,7,3,6,3,3,4,5,5,5,5,5,6,6,6,2,6
4,,7,3,3,3,2,4,4,4,4,4,5,4,3,5,3,4
2,,7,2,3,1,2,2,5,3,4,5,5,6,3,6,5,5
2,,7,5,5,3,5,4,6,7,5,4,5,5,5,6,6,5
4,,6,5,6,3,3,3,6,5,3,4,2,2,1,1,1,4
2,,6,4,5,3,4,4,5,4,4,4,5,5,5,5,5,5
3,,7,3,4,2,2,2,6,5,4,4,4,4,3,3,2,2
2,,6,0,5,1,3,2,6,2,3,5,3,2,2,3,4,5
4,,4,2,3,3,2,2,6,3,5,5,5,4,4,5,5,4
3,,6,0,1,1,1,1,3,1,2,7,7,7,7,6,7,7
3,,7,3,5,2,2,4,6,5,5,6,6,6,4,6,4,5
3,,5,1,4,2,2,2,6,3,4,6,4,4,3,3,5,6
1,,7,3,6,6,3,3,5,4,5,4,5,4,5,5,4,4
5,,7,4,2,1,3,4,4,2,1,3,3,5,3,2,2,3
3,,7,5,6,1,2,2,5,7,4,5,3,3,3,1,1,2
4,,4,4,4,1,2,3,7,2,1,5,6,2,7,5,2,7
3,,7,2,5,1,1,2,6,3,4,5,3,6,5,4,5,5
4,,4,1,4,1,1,1,6,5,4,5,5,5,4,6,5,5
4,,7,5,5,1,3,3,5,3,3,4,7,7,4,7,5,5
3,,6,4,3,3,4,4,5,5,5,5,4,4,2,2,3,3
3,,7,2,2,1,1,5,5,3,3,5,7,7,3,7,3,6
4,,7,3,5,4,3,3,6,5,5,5,6,6,5,5,6,6
4,,7,5,6,3,3,6,5,4,5,3,2,3,3,3,1,2
2,,7,5,3,3,2,3,6,4,5,6,5,5,4,4,5,5
8,HNC,5,3,3,3,3,3,6,4,4,5,5,5,4,5,4,5
5,,6,2,3,3,2,3,5,5,4,4,4,4,4,5,5,5
5,,7,4,5,3,2,3,7,5,5,5,4,6,4,4,4,4
4,,7,1,4,2,2,2,7,2,5,6,6,6,3,6,3,5
8,College graduate,7,4,5,3,2,3,4,4,3,5,5,5,3,3,2,5
2,,4,1,3,3,3,3,5,3,5,5,7,7,7,7,7,7
4,,7,4,3,3,4,2,5,3,4,3,4,5,4,3,3,4
3,,7,3,3,1,3,4,5,3,5,5,6,5,4,7,4,5
4,,7,4,3,2,2,2,2,2,3,4,4,4,5,5,3,4
3,,4,0,5,2,1,3,5,5,5,6,7,7,5,6,4,4
5,,7,4,6,4,4,5,4,4,5,5,4,5,2,4,4,5
2,,6,3,2,2,3,2,5,3,5,5,6,6,2,5,4,6
4,,7,4,3,1,1,1,5,2,4,4,6,6,6,6,4,7
3,,4,3,4,3,3,2,6,3,4,5,6,6,6,6,6,6
4,,6,5,6,3,4,4,4,5,5,5,5,5,5,5,5,5
3,,7,5,4,2,3,2,7,5,5,5,2,1,4,6,1,1
4,,4,1,5,2,3,3,5,4,3,5,6,6,5,5,6,6
5,,7,2,4,2,3,3,5,3,4,5,4,4,2,4,3,4
3,,7,4,5,4,3,2,6,5,5,6,7,5,5,5,6,6
3,,4,4,3,1,2,1,7,6,6,6,6,7,6,5,6,7
5,,7,4,4,3,4,3,6,4,5,6,5,6,4,6,5,5
5,,7,4,6,3,4,3,5,4,3,5,6,6,4,6,5,6
4,,6,2,3,1,3,3,5,2,2,3,2,5,6,4,5,6
4,,7,1,2,2,1,2,5,3,5,5,5,5,2,3,4,5
4,,5,4,5,3,3,3,5,3,4,4,5,5,3,5,5,5
2,,1,3,4,2,2,1,7,7,1,7,4,4,4,4,4,4
2,,5,4,5,3,4,4,5,5,5,5,5,5,5,5,5,5
4,,5,2,5,3,3,3,5,5,5,6,5,6,5,5,4,5
5,,7,4,6,3,2,3,4,3,3,6,3,5,3,6,5,5
3,,6,3,5,3,4,4,5,3,4,5,6,5,3,6,5,5
5,,7,4,3,2,2,2,6,3,5,5,5,5,5,5,3,6
3,,7,4,5,2,2,2,5,4,5,5,5,5,4,4,2,2
5,,6,4,6,2,3,3,3,2,2,2,5,5,4,5,4,6
4,,5,3,2,2,2,2,6,2,2,2,5,4,5,5,3,4
4,,2,4,3,2,2,3,2,2,3,5,5,5,5,5,5,5
4,,7,4,5,1,2,2,5,5,5,6,3,5,5,4,6,6
3,,6,1,3,1,1,3,7,5,5,6,6,6,6,6,4,1
8,Cert Tesol,6,3,4,3,3,3,5,4,3,4,4,4,3,3,3,3
2,,1,0,4,3,3,3,2,6,5,5,3,3,3,4,3,3
3,,5,2,4,3,3,4,5,5,4,5,5,5,4,5,4,5
5,,7,4,5,2,3,3,6,2,3,3,4,5,4,5,2,7
4,,7,2,6,5,3,5,5,3,3,3,5,5,5,5,5,5
4,,7,5,3,3,3,3,5,5,5,5,5,5,5,5,4,5
4,,4,3,4,2,2,3,5,2,4,4,4,4,4,5,4,4
4,,7,3,5,3,2,2,6,3,5,5,6,6,6,4,3,4
4,,7,1,5,2,2,2,6,2,4,5,4,5,5,3,4,7
4,,5,2,4,2,3,2,7,3,5,3,5,5,6,5,5,5
4,,5,2,5,3,3,3,4,3,5,5,5,5,5,5,3,5
5,,7,3,4,1,3,4,4,3,4,4,4,4,4,4,4,4
5,,7,3,4,3,3,3,6,3,4,5,2,2,1,2,3,3
4,,7,5,5,3,3,3,6,4,3,3,5,6,5,4,2,7
3,,3,0,7,1,2,3,7,1,4,6,5,5,6,7,6,6
4,,6,1,2,1,2,2,2,6,3,5,5,5,6,6,3,6
3,,7,4,5,6,3,6,5,4,5,6,5,6,5,6,4,5
2,,5,4,7,3,2,2,6,1,5,5,6,6,7,7,6,6
4,,5,1,5,2,3,4,4,4,5,5,3,4,4,5,4,4
5,,7,3,4,2,3,2,5,3,4,4,4,4,4,4,4,4
5,,6,4,4,3,1,3,6,2,5,5,6,6,4,5,4,6
4,,7,4,3,3,2,2,5,2,2,3,5,5,4,4,2,4
3,,7,4,5,2,2,3,5,3,4,5,5,5,5,5,5,5
4,,7,4,4,2,3,2,4,2,3,4,5,6,6,6,2,5
2,,6,4,3,6,5,3,4,5,5,6,6,4,5,5,4,5
2,,4,3,4,3,3,2,5,3,4,3,5,5,5,5,5,5
4,,7,2,6,3,2,2,7,3,5,5,5,5,5,5,4,5
4,,5,4,3,5,2,3,5,5,5,6,4,4,4,4,4,4
4,,7,2,3,3,2,3,6,3,4,5,5,5,5,5,6,5
4,,7,4,4,3,2,4,5,5,5,6,5,6,4,6,4,4
4,,5,1,4,3,3,2,4,4,5,5,5,6,5,4,5,6
3,,5,3,4,4,4,4,5,4,4,4,3,3,3,3,3,3
3,,6,5,7,2,4,4,6,6,6,6,5,5,1,4,5,5
3,,7,5,3,2,2,2,6,3,2,3,5,5,6,3,5,5
5,,7,4,3,1,1,2,4,5,3,5,5,5,6,7,3,6
4,,6,4,5,5,4,4,6,5,5,6,6,5,4,5,5,5
4,,6,4,6,3,3,2,5,5,5,3,5,5,6,3,5,6
4,,5,2,3,4,2,4,5,3,4,5,3,4,4,5,3,5
4,,7,4,6,3,2,2,6,6,5,6,5,4,4,3,4,4
2,,6,3,3,3,3,3,5,4,2,2,6,6,6,6,5,5
2,,7,5,6,3,4,3,6,4,5,6,6,7,2,7,5,7
3,,6,4,3,3,2,3,3,4,2,5,5,5,6,3,2,6
5,,5,0,1,1,1,4,2,1,1,3,6,6,6,6,5,6
2,,7,4,5,2,3,3,4,4,5,5,6,3,5,3,2,5
3,,6,1,7,3,1,3,7,3,5,7,5,6,5,7,6,6
2,,6,4,4,1,2,3,5,4,5,5,6,5,2,7,3,2
2,,7,4,6,3,4,3,5,4,4,4,5,5,6,6,5,5
5,,7,4,3,1,3,1,6,2,3,6,4,6,4,5,4,6
4,,4,4,4,4,5,5,4,3,5,5,3,5,5,4,5,5
3,,7,3,4,3,3,3,5,3,3,3,5,5,5,5,5,5
3,,7,4,7,4,3,4,5,5,6,6,7,7,1,7,4,5
5,,5,3,5,3,3,3,5,4,5,5,5,5,5,4,5,6
3,,7,3,3,1,2,2,6,2,6,2,5,6,5,5,5,5
4,,7,5,3,1,1,1,6,4,4,5,5,5,4,5,4,4
2,,4,3,4,3,3,4,5,5,4,3,4,4,4,4,4,4
3,,7,4,6,2,2,3,4,3,4,5,2,3,3,2,2,6
2,,4,2,5,4,3,5,5,4,3,5,5,3,4,3,4,5
3,,7,3,5,2,2,2,5,4,6,6,5,7,3,5,4,5
2,,7,5,5,5,5,5,3,3,4,4,5,5,5,5,5,5
4,,7,4,4,2,2,3,5,3,4,5,5,5,4,5,5,5
4,,7,5,4,4,3,5,5,4,4,6,7,7,5,6,4,5
2,,1,3,4,2,2,2,6,6,6,6,1,1,1,1,1,1
5,,7,3,5,4,2,2,4,4,4,5,7,7,4,6,4,4
4,,7,3,4,3,2,4,5,3,4,5,4,4,4,1,6,6
4,,7,6,1,1,2,1,5,3,5,7,6,6,7,6,5,7
3,,6,1,5,2,3,3,3,2,3,7,3,4,4,5,5,6
3,,7,3,3,2,2,3,6,5,6,5,4,5,2,5,2,2
4,,6,4,5,3,2,3,6,5,3,3,5,6,4,5,5,5
3,,7,2,6,3,4,4,2,2,3,5,5,5,3,5,2,5
4,,5,4,5,3,3,4,5,4,5,4,5,5,5,5,5,6
4,,7,3,5,3,3,5,5,5,4,5,5,5,3,5,3,3
4,,6,3,4,3,2,3,4,4,4,5,5,5,4,4,4,4
3,,7,2,3,2,2,1,6,2,3,3,6,5,6,6,5,5
3,,2,5,4,4,3,5,5,5,4,4,4,3,3,6,6,7
3,,5,3,5,2,2,3,4,3,4,5,5,5,4,5,5,7
5,,7,2,6,1,2,3,5,3,3,5,6,6,6,6,6,6
5,,7,5,3,1,1,3,5,2,2,5,6,6,5,7,4,4
4,,7,5,4,2,2,3,5,3,3,3,6,6,6,5,6,5
1,,7,0,3,2,1,1,5,2,2,2,7,5,7,5,5,7
4,,7,4,5,3,3,2,6,4,5,6,5,5,3,5,4,3
3,,3,2,3,2,1,2,5,4,4,3,5,5,5,4,6,5
4,,7,3,4,2,2,3,4,5,5,5,5,5,4,5,4,3
3,,7,4,5,4,2,3,5,4,5,5,5,5,4,5,6,5
4,,7,3,5,2,3,3,5,4,4,4,5,6,4,5,4,5
5,,7,5,3,2,3,3,5,4,3,3,4,5,4,3,4,4
4,,6,2,4,3,3,3,5,4,5,5,5,5,5,6,5,5
4,,4,1,2,2,2,3,5,2,3,2,5,5,3,6,5,6
4,,6,2,3,3,3,2,2,2,4,4,5,5,5,7,4,4
4,,4,2,3,1,2,3,4,2,4,5,4,4,4,3,5,4
3,,6,3,3,2,2,4,3,3,3,5,3,3,1,1,1,5
5,,7,3,3,2,3,3,4,4,4,4,4,5,4,4,4,4
4,,7,3,5,2,2,4,5,3,3,3,5,5,6,4,5,5
2,,7,1,4,3,1,3,6,2,3,2,4,5,2,3,4,5
4,,4,3,4,4,4,4,4,4,4,4,4,4,4,4,4,4
5,,5,4,5,3,3,4,6,4,5,6,5,5,4,5,4,5
5,,7,2,4,3,3,3,4,3,3,4,5,5,4,4,3,4
3,,6,1,3,2,2,2,5,2,2,2,5,6,5,7,7,6
4,,6,2,3,2,2,2,6,4,3,4,6,6,5,4,5,5
4,,6,4,3,3,3,4,6,5,6,5,5,6,3,5,4,5
2,,3,1,5,5,5,5,3,4,3,4,3,4,4,4,4,4
4,,7,3,3,3,3,3,4,4,3,5,5,5,5,5,3,5
2,,6,4,6,5,3,6,5,5,5,5,5,5,5,4,3,5
4,,4,3,5,1,1,2,4,3,6,6,6,6,7,7,4,5
4,,7,3,5,3,3,2,5,4,3,2,4,4,3,3,3,4
5,,6,0,2,2,2,3,5,3,1,7,4,4,6,6,4,4
2,,6,5,2,2,1,3,4,5,5,6,5,6,5,5,5,6
4,,7,4,4,2,2,2,5,4,5,6,4,5,6,5,3,4
4,,7,1,6,2,2,2,5,2,4,4,5,5,5,5,4,5
4,,6,3,2,1,1,1,6,1,1,2,6,7,6,6,6,6
4,,7,4,5,3,3,3,5,3,3,5,5,5,3,5,4,5
4,,7,0,5,1,1,1,2,1,4,1,1,1,1,7,7,7
5,,5,4,6,4,4,4,5,4,5,6,4,5,5,5,3,5
3,,7,3,5,3,3,4,6,4,5,5,6,6,5,6,3,6
2,,5,4,5,4,3,5,5,4,6,6,5,5,6,4,5,6
5,,7,5,4,1,1,3,6,3,3,4,6,7,4,4,7,4
4,,7,5,3,3,3,3,6,6,6,5,6,6,6,6,6,6
4,,6,4,5,2,3,2,6,4,5,7,6,6,4,6,7,6
5,,6,1,4,3,3,3,5,3,4,3,5,5,6,5,5,6
2,,7,5,7,7,1,1,7,7,7,7,7,7,7,7,1,7
2,,5,3,3,1,1,3,4,3,3,4,5,6,5,4,5,6
4,,7,2,3,1,1,1,6,3,3,5,3,4,6,7,7,7
3,,7,3,4,4,3,4,5,4,4,4,5,5,5,5,5,5
4,,7,5,7,3,2,5,6,3,5,5,5,5,6,5,3,5
4,,5,4,5,3,2,3,6,5,5,5,6,6,5,5,4,5
4,,7,4,6,3,3,4,6,5,6,6,6,7,6,5,6,7
4,,7,3,4,3,3,3,6,3,4,5,5,5,4,3,4,6
4,,6,3,4,2,2,3,5,3,3,3,6,6,6,7,7,7
3,,7,0,7,4,1,1,5,7,5,6,7,4,5,6,2,2
4,,7,3,2,3,4,3,6,5,4,5,5,5,4,5,5,6
3,,6,3,3,3,3,3,5,4,4,5,5,6,3,5,6,6
5,,7,5,3,1,3,1,2,5,5,5,7,6,7,7,4,7
1,,5,4,5,3,2,3,6,4,5,5,5,5,2,5,6,5
4,,2,5,4,5,5,4,4,4,3,4,4,3,4,4,3,3
4,,7,2,3,1,1,1,4,3,4,5,6,6,4,7,6,6
3,,6,5,3,3,2,1,6,5,5,3,4,4,4,4,2,2
2,,5,2,4,3,3,3,6,4,4,6,5,5,4,5,5,5
3,,4,3,5,3,3,3,5,4,4,5,5,5,2,6,6,6
4,,7,2,5,2,3,3,5,4,5,5,5,6,3,5,4,5
4,,6,4,5,2,3,3,2,2,3,4,3,3,4,5,4,5
5,,7,3,3,4,2,2,2,5,6,5,5,5,5,4,3,4
5,,7,4,6,3,5,5,6,2,4,2,6,6,7,6,7,6
2,,6,1,5,3,2,2,6,4,5,5,5,5,5,5,4,3
2,,6,4,4,2,3,1,6,4,5,5,6,6,4,6,6,6
5,,6,3,3,2,2,2,4,3,4,5,4,4,5,4,5,5
4,,7,2,5,5,4,4,6,5,4,6,4,6,5,5,5,5
4,,7,4,4,3,3,3,5,4,5,5,5,5,5,5,5,5
4,,6,3,3,3,2,3,5,4,5,2,5,5,5,5,4,5
2,,4,0,4,3,2,4,6,5,4,5,3,4,4,3,3,4
3,,7,0,2,1,1,1,6,1,2,6,1,2,5,2,1,5
4,,7,5,6,5,5,3,5,5,5,5,4,5,3,3,2,3
4,,7,4,5,3,3,2,6,5,5,6,6,7,5,6,5,7
4,,5,2,4,3,3,2,6,2,3,5,4,4,5,5,5,6
8,HND,5,4,4,3,2,3,5,3,4,3,5,5,5,6,5,5
4,,7,3,5,3,2,4,5,5,5,5,6,6,5,6,2,6
5,,7,4,3,3,5,3,5,4,4,5,7,7,7,7,7,7
4,,6,3,3,2,2,3,6,4,5,6,6,6,6,6,6,6
4,,7,4,5,3,2,3,5,4,5,5,2,2,4,4,4,5
4,,7,5,6,3,3,3,3,4,5,5,5,6,4,5,1,5
4,,7,0,5,2,2,2,6,3,3,6,5,5,5,4,5,5
5,,7,3,2,3,2,3,4,2,3,2,6,5,6,7,6,7
4,,7,3,4,4,1,4,7,4,4,4,7,6,5,7,1,4
4,,4,2,5,3,4,3,5,4,5,5,5,6,2,5,5,5
3,,5,4,3,3,3,2,5,5,5,5,6,6,4,5,5,5
3,,7,3,3,1,3,3,4,3,3,3,2,4,3,2,4,6
3,,7,3,4,3,3,3,2,4,5,5,3,5,5,5,2,6
2,,6,3,5,3,3,4,5,5,4,5,5,5,4,3,4,4
4,,6,5,7,3,5,5,4,5,6,6,5,6,5,5,5,6
3,,6,3,3,2,2,2,5,4,5,5,6,5,2,7,6,7
5,,5,3,3,2,2,2,6,2,3,3,5,5,5,3,3,5
4,,7,4,5,2,3,3,5,4,3,5,6,6,2,1,2,5
3,,7,5,4,3,3,4,5,5,5,5,4,4,3,5,3,5
4,,6,4,2,1,1,2,7,2,2,3,6,6,6,6,6,6
5,,7,5,3,3,4,4,5,3,3,3,6,5,2,6,3,5
5,,7,2,5,4,3,3,6,3,5,5,5,6,5,6,4,5
4,,6,4,6,5,3,3,6,4,5,6,6,6,3,4,3,6
4,,6,3,4,3,4,4,3,5,3,3,4,3,4,5,2,5
2,,6,2,3,1,2,1,7,4,5,5,5,6,6,6,2,7
2,,4,4,6,3,3,3,5,4,5,5,5,5,4,5,5,4
2,,4,1,5,5,4,4,4,4,4,4,4,4,4,4,4,4
3,,4,3,4,3,3,3,4,5,4,3,4,5,4,4,6,5
3,,3,4,5,2,2,2,6,3,4,5,4,5,1,6,5,5
2,,4,3,5,3,3,3,5,6,5,5,5,5,1,4,5,5
4,,7,0,3,1,1,1,7,3,5,2,5,7,4,7,6,6
2,,6,2,5,3,3,3,5,3,4,5,6,6,6,5,4,5
4,,7,5,3,3,2,3,6,6,5,5,7,7,5,6,7,7
5,,6,4,3,2,1,3,6,5,5,5,6,6,6,5,7,7
2,,6,3,5,2,2,3,5,5,5,6,5,6,6,5,5,6
4,,7,3,5,3,3,3,5,5,5,5,6,6,6,6,5,5
5,,3,3,3,4,2,3,5,6,4,4,5,5,4,4,5,5
2,,6,4,6,3,2,3,5,6,3,7,7,7,5,7,6,6
4,,7,3,3,1,1,1,6,2,2,1,6,6,5,4,4,4
5,,7,3,3,3,3,2,5,4,4,4,5,5,5,5,4,5
5,,7,6,7,3,3,3,5,5,6,6,6,6,5,5,5,5
4,,6,2,6,2,1,2,6,2,3,6,4,4,5,1,5,5
4,,7,4,3,2,2,2,6,5,5,5,6,6,5,5,5,5
5,,7,1,3,3,3,3,4,3,4,4,4,5,5,5,5,6
3,,7,3,3,2,3,2,7,2,4,2,4,4,4,4,4,4
3,,5,4,5,3,3,2,5,4,4,3,5,5,3,4,5,5
3,,4,4,6,3,4,4,4,4,4,6,2,2,2,2,2,2
3,,6,1,4,3,3,3,5,4,4,5,5,5,6,6,5,5
4,,7,3,3,2,2,2,5,3,2,5,5,5,3,4,5,5
2,,4,3,7,1,1,1,4,4,4,4,6,6,4,6,6,6
4,,7,2,2,2,2,3,3,2,2,5,6,6,6,6,6,6
5,,6,4,5,5,3,3,5,4,5,4,5,4,4,5,4,4
4,,7,3,3,3,3,4,5,3,3,3,5,5,4,5,3,5
4,,7,1,5,2,2,4,4,3,5,5,5,6,5,6,2,6
4,,7,5,3,1,1,2,3,3,4,3,6,3,2,7,4,4
3,,4,3,4,3,2,3,4,4,4,4,5,6,4,5,3,6
4,,6,5,4,2,5,5,5,4,3,5,4,4,4,4,5,4
3,,7,4,2,1,2,2,6,4,3,5,5,5,5,3,5,5
4,,6,4,2,2,2,3,7,3,4,5,6,6,6,5,6,5
5,,7,2,3,4,3,2,4,1,2,2,5,6,7,5,6,4
1,,4,2,5,3,4,4,5,4,4,3,6,5,2,6,5,5
4,,4,2,5,2,2,4,5,6,3,3,6,5,4,3,5,4
3,,5,2,4,3,2,4,5,3,5,5,5,6,4,5,6,6
5,,7,4,2,1,3,2,7,3,5,5,6,6,7,7,6,5
2,,3,3,4,1,2,4,5,6,6,5,6,6,6,5,6,5
4,,7,4,4,4,3,3,5,4,5,5,6,6,6,6,6,7
4,,7,3,3,3,3,3,6,4,3,4,5,5,6,5,4,5
3,,6,0,2,1,1,1,3,2,1,6,5,5,7,7,7,7
4,,7,1,2,1,1,1,6,3,6,7,2,2,6,6,1,6
2,,7,4,5,4,3,4,5,4,4,5,5,5,4,5,3,4
4,,6,3,3,2,2,2,6,5,4,5,5,6,4,5,4,5
4,,7,5,3,2,3,3,4,3,3,2,2,2,5,2,4,4
4,,7,4,3,3,3,3,5,4,4,5,5,5,5,4,4,4
2,,6,2,5,2,2,3,6,3,4,5,6,6,7,4,5,6
4,,6,0,2,1,1,2,5,2,1,3,6,6,3,5,2,2
4,,7,4,4,3,3,3,5,5,4,5,5,5,4,4,3,6
4,,6,2,4,2,2,5,4,3,3,5,3,5,5,4,5,4
4,,7,0,2,1,1,1,2,1,2,2,3,3,3,3,2,2
5,,6,3,4,2,2,3,5,4,5,6,5,5,5,3,2,3
2,,6,3,5,3,2,2,6,5,4,6,5,5,4,5,6,6
4,,7,4,7,1,3,3,4,5,5,5,5,5,6,5,4,4
5,,7,2,4,3,3,2,5,4,5,6,5,5,7,4,6,6
2,,7,5,4,3,4,5,5,7,7,6,6,6,5,6,6,5
5,,7,3,7,2,3,5,5,3,3,5,4,5,3,5,4,5
4,,5,3,3,3,3,3,5,5,5,5,5,5,5,4,5,5
8,PGCE,6,4,6,3,3,3,6,5,5,5,5,5,5,6,5,5
4,,7,2,5,2,2,2,6,4,5,4,6,6,6,6,5,6
5,,6,3,5,2,1,3,6,3,4,5,5,5,5,6,3,3
2,,7,3,4,1,1,1,7,4,4,4,4,4,5,5,1,4
4,,7,5,6,4,3,3,5,4,5,5,5,5,5,5,5,5
3,,1,0,4,1,1,1,7,4,2,7,1,1,1,1,1,1
3,,4,2,3,2,3,4,6,6,5,5,5,6,4,5,5,4
3,,5,1,3,1,1,3,5,2,3,5,2,6,3,5,5,6
5,,7,3,3,2,2,2,4,2,3,4,5,5,5,5,5,6
4,,7,3,1,1,1,1,5,1,1,3,5,6,5,4,3,6
3,,7,5,6,4,4,5,3,6,6,7,6,7,4,6,5,5
5,,6,4,3,3,3,2,6,3,3,2,4,4,3,3,3,2
5,,6,2,7,1,1,1,6,1,6,5,7,7,5,5,6,7
4,,6,4,4,4,4,4,4,4,4,4,4,4,4,4,4,4
2,,4,2,5,4,4,4,4,5,3,3,4,3,3,4,4,4
2,,7,3,5,3,3,4,5,4,4,5,5,5,4,5,5,5
2,,7,1,4,2,2,3,5,3,4,5,6,6,7,7,6,6
5,,5,2,3,2,2,3,5,4,4,4,5,5,4,4,5,5
4,,6,4,3,3,3,1,4,3,3,4,2,2,5,4,1,1
3,,7,1,3,1,1,1,7,3,2,4,5,5,4,4,4,4
8,apprenticeship,7,3,3,1,2,3,4,3,4,4,4,7,6,5,4,7
5,,7,0,3,2,2,2,6,2,2,2,5,5,4,5,5,4
2,,5,3,3,2,1,4,5,2,4,4,5,6,4,7,4,4
2,,7,4,2,2,3,1,6,4,3,2,3,4,5,3,3,5
5,,5,3,4,2,2,2,5,3,2,5,5,5,5,6,3,6
4,,7,5,6,3,3,3,5,5,5,6,2,2,3,5,2,5
3,,7,4,3,6,3,3,5,3,5,5,4,4,3,3,5,3
4,,1,0,7,1,3,4,7,4,5,4,4,4,4,4,4,4
4,,7,3,5,2,1,1,6,4,5,6,5,6,6,6,6,5
4,,7,5,2,1,2,2,3,3,6,7,2,2,3,4,2,5
3,,7,5,4,2,3,3,4,3,5,4,6,6,4,4,5,6
4,,7,3,5,2,3,4,7,4,6,5,6,6,4,4,4,4
5,,7,4,5,3,3,4,5,4,5,5,6,6,5,6,6,6
3,,7,3,7,1,1,1,7,4,7,7,7,7,4,7,4,4
3,,5,2,5,2,3,2,5,2,2,3,5,6,5,6,6,6
4,,7,3,5,6,4,5,4,4,4,5,6,6,4,5,5,6
5,,6,3,4,3,3,5,5,2,5,5,3,6,5,3,2,5
3,,4,1,4,5,4,4,5,4,5,5,3,6,4,3,4,5
3,,7,3,4,3,3,4,5,3,5,5,6,6,6,6,6,7
5,,7,1,3,1,1,1,4,3,3,2,1,6,5,4,4,5
4,,5,4,6,3,5,5,5,3,5,5,5,6,5,5,6,5
4,,7,4,5,4,3,3,5,4,6,6,5,6,5,6,4,7
5,,6,3,3,2,1,3,5,3,3,6,5,7,6,5,7,6
4,,7,3,4,2,2,2,5,3,4,5,4,5,5,5,5,5
3,,7,3,6,3,3,2,7,3,5,5,4,6,4,3,5,5
4,,2,2,3,1,2,4,4,2,3,5,6,6,5,5,5,5
4,,5,2,5,2,2,3,6,3,3,4,4,5,5,5,6,5
3,,4,0,1,2,2,2,6,1,4,2,4,2,3,4,5,5
4,,7,2,3,1,1,1,3,2,3,5,5,5,7,3,5,7
4,,5,3,3,3,3,2,5,3,3,4,5,4,3,5,6,6
4,,6,2,3,3,2,4,4,4,5,6,5,5,4,4,3,5
5,,7,3,6,3,3,3,5,4,5,5,5,5,2,5,5,6
4,,7,5,5,2,4,3,5,4,5,5,3,6,3,4,4,3
5,,6,1,3,1,1,2,4,3,3,5,5,5,4,6,7,7
4,,5,3,1,2,2,2,4,3,3,3,2,5,6,4,5,6
5,,6,5,4,3,3,3,4,5,6,6,6,6,6,5,6,6
3,,7,5,7,2,1,3,7,4,5,7,6,6,7,7,7,6
4,,6,0,4,3,3,3,4,2,2,5,4,4,5,4,4,6
2,,7,5,6,3,2,3,5,5,5,5,6,6,5,7,7,6
3,,5,2,3,1,1,1,7,4,3,3,5,5,6,5,2,5
4,,7,4,3,1,1,1,7,2,2,7,6,6,6,4,3,4
3,,6,5,5,3,3,3,5,4,5,5,5,5,5,5,5,5
4,,5,3,4,3,3,2,6,3,5,3,6,5,5,6,5,6
3,,4,3,3,3,3,3,5,4,4,5,5,5,4,5,5,5
3,,7,4,5,1,2,3,3,4,4,5,5,5,5,5,3,6
3,,4,2,4,1,3,2,7,3,4,5,7,6,6,6,2,5
5,,6,4,5,3,3,5,6,5,5,5,5,5,5,3,3,6
4,,6,3,5,2,1,2,5,2,3,3,2,3,5,3,2,3
1,,7,5,5,3,4,3,5,6,5,6,6,6,3,5,4,5
2,,6,3,4,2,2,2,6,4,5,5,6,5,6,5,6,6
3,,7,5,6,4,3,3,6,5,6,6,6,6,6,6,6,6
4,,7,5,4,4,4,4,6,4,5,4,5,5,5,4,4,4
4,,5,1,2,1,1,2,7,2,5,6,2,3,6,3,3,7
4,,7,4,4,2,3,3,4,2,4,5,5,5,4,6,5,5
3,,7,3,6,3,2,5,5,4,5,6,4,5,4,5,3,4
4,,7,4,2,3,1,4,5,3,5,5,5,6,3,4,4,6
3,,5,3,4,3,3,3,5,4,4,4,4,4,4,4,4,4
4,,7,1,4,2,3,4,3,3,4,3,6,5,6,6,1,7
2,,4,3,4,1,1,2,5,2,4,5,1,1,1,1,1,1
4,,6,4,3,1,1,1,7,2,3,5,5,5,3,3,3,3
4,,6,1,3,3,3,4,3,2,3,4,5,5,6,7,4,6
5,,7,4,2,2,3,2,6,3,4,3,5,5,2,5,5,6
5,,6,2,6,3,4,3,5,3,2,3,5,6,5,3,4,5
4,,6,1,4,2,1,3,7,3,5,5,6,6,6,6,6,6
5,,7,3,1,2,3,2,6,2,4,5,7,5,4,5,5,6
4,,6,4,5,5,5,4,5,5,5,6,5,5,3,5,3,5
4,,7,4,5,2,3,1,3,4,2,5,3,4,5,2,3,5
4,,5,2,4,2,2,2,3,3,3,3,4,4,4,4,5,5
3,,7,0,4,1,3,3,4,4,3,6,5,5,4,6,4,5
4,,6,4,5,3,3,3,5,4,5,5,5,6,5,5,4,5
3,,6,3,5,2,2,4,5,4,3,5,5,5,3,5,3,5
4,,5,1,5,2,4,3,5,3,4,3,5,4,5,6,5,4
5,,7,2,6,1,1,2,5,3,6,6,5,6,7,6,5,6
2,,4,1,5,3,2,4,5,5,4,3,6,6,3,6,4,5
4,,7,2,3,2,3,3,6,3,3,2,5,5,3,6,3,5
4,,7,3,7,1,1,1,7,4,4,6,7,7,2,6,6,6
4,,6,3,4,3,3,3,5,5,5,5,5,5,4,6,5,5
4,,6,2,2,1,2,1,7,2,4,2,3,5,5,5,5,6
2,,5,4,5,3,3,3,5,4,4,5,5,5,4,5,4,3
3,,6,3,5,3,3,3,4,4,2,4,4,4,4,4,4,4
3,,7,4,3,3,4,3,5,2,5,5,5,5,5,6,6,6
3,,7,5,7,7,6,7,5,5,5,6,3,3,1,1,2,3
4,,7,2,6,1,2,3,5,3,4,3,3,6,3,2,4,5
4,,7,2,5,2,2,1,3,2,3,6,6,5,2,6,3,1
2,,6,4,5,2,2,5,4,5,5,6,6,5,6,6,5,6
4,,5,4,6,2,2,3,7,2,6,5,7,7,7,7,7,7
4,,6,0,2,1,3,2,3,3,3,5,5,6,6,6,5,5
3,,6,3,7,4,3,2,7,4,6,6,7,7,7,7,1,7
2,,4,2,4,2,2,2,4,5,4,5,4,4,5,4,4,4
4,,7,4,7,4,4,6,6,6,5,5,6,6,6,6,6,6
3,,6,2,5,3,3,3,5,3,3,3,5,5,5,5,4,5
4,,7,3,7,3,4,3,7,5,6,6,5,7,6,7,7,7
5,,7,3,3,2,3,3,4,3,3,6,3,5,5,4,2,6
4,,7,0,3,3,2,2,6,2,2,4,2,2,2,2,2,2
4,,7,2,4,1,1,2,4,2,3,7,3,5,4,5,1,6
4,,5,3,6,2,4,3,4,3,4,3,4,3,4,5,3,5
8,teaching certificate,7,4,4,2,3,3,5,4,5,5,6,6,5,5,5,5
4,,7,6,4,5,5,5,4,4,5,5,5,4,4,6,5,4
3,,7,3,2,3,3,3,3,3,4,3,5,5,4,4,3,5
3,,7,2,6,2,5,3,5,3,3,3,5,5,5,6,4,6
5,,7,4,3,1,1,1,3,2,3,3,5,5,5,3,4,5
2,,4,3,3,3,3,4,5,4,5,5,6,6,4,5,4,4
5,,5,4,2,2,2,2,4,3,3,5,5,5,5,5,4,6
3,,6,2,1,1,1,2,5,4,5,3,4,5,4,5,4,5
5,,7,4,4,3,3,3,5,4,5,5,6,6,5,5,5,5
5,,4,4,4,2,2,2,6,6,6,6,7,7,7,7,7,7
4,,7,4,7,4,3,3,4,4,6,6,6,6,4,4,4,6
2,,6,5,2,1,1,2,6,4,5,5,6,6,6,6,6,7
4,,7,1,4,2,1,3,5,3,5,4,5,5,6,4,3,5
2,,7,4,7,3,2,4,5,3,5,5,5,6,3,4,5,5
4,,7,3,5,3,3,3,4,4,3,6,4,4,4,4,4,5
3,,5,3,5,3,3,3,6,2,4,5,4,4,4,4,4,4
5,,6,1,2,4,3,4,5,4,5,6,5,5,4,5,5,6
2,,2,1,4,3,3,3,4,2,4,4,3,4,4,3,3,5
4,,6,2,3,2,3,2,4,3,3,5,4,6,5,4,3,6
5,,7,4,5,2,3,3,4,5,5,6,5,5,5,5,5,5
4,,5,3,3,3,3,3,5,5,5,5,5,5,5,5,5,5
4,,7,5,3,1,3,2,4,3,5,4,6,6,4,5,4,6
3,,6,2,5,3,3,4,5,4,5,5,5,2,3,4,4,3
4,,6,4,4,3,3,4,5,4,5,5,5,5,5,6,5,5
4,,5,0,3,3,3,4,6,3,4,4,5,5,5,5,4,5
1,,4,5,5,4,3,4,6,5,5,5,5,6,3,5,5,5
5,,7,4,2,2,2,2,4,2,2,2,4,6,6,7,4,4
5,,7,5,6,3,3,2,5,5,3,5,5,5,4,5,5,4
3,,7,5,7,1,1,3,4,3,5,6,7,5,3,7,2,3
3,,6,4,4,2,2,3,5,4,4,6,6,6,4,5,3,4
4,,7,3,4,3,3,4,6,4,4,4,3,4,2,2,2,2
4,,5,3,4,3,3,4,5,5,5,4,2,2,3,3,3,3
4,,6,4,5,3,3,3,5,4,4,5,4,5,4,3,4,4
5,,7,5,4,2,2,1,4,3,4,6,6,6,6,4,6,6
4,,6,1,5,2,2,3,5,3,5,3,5,3,2,2,5,5
4,,7,2,3,2,2,2,2,2,3,4,1,2,5,1,2,7
4,,7,3,5,1,2,1,2,1,1,5,5,6,6,5,3,6
4,,7,2,3,1,1,1,7,4,5,5,4,5,6,5,6,6
5,,6,3,3,2,2,2,2,4,5,3,3,5,2,1,1,1
4,,7,4,5,3,3,3,5,3,5,6,3,5,4,2,2,2
4,,6,1,3,2,2,3,3,3,2,6,6,7,5,3,2,5
4,,6,3,4,3,3,4,5,4,4,4,5,5,5,5,4,6
4,,7,2,4,4,3,5,3,3,4,4,5,5,5,4,4,6
5,,6,3,4,3,3,3,3,3,3,3,5,5,5,5,3,4
4,,7,4,5,3,3,3,5,6,5,5,5,6,5,6,6,6
5,,7,4,2,2,3,3,7,4,4,5,2,2,5,5,5,5
3,,7,2,4,1,1,1,6,3,4,5,5,5,1,6,2,2
3,,5,4,4,2,2,3,4,3,4,5,5,5,4,5,3,4
4,,6,4,5,3,4,4,5,5,6,6,6,6,5,4,3,5
4,,4,2,6,3,3,2,5,3,5,4,5,6,6,5,5,4
2,,4,1,5,4,3,4,5,4,4,5,2,4,4,6,4,6
4,,6,1,5,3,2,3,5,2,4,2,5,5,5,6,5,3
2,,7,4,4,4,5,5,5,4,5,5,5,5,5,4,4,5
3,,7,2,4,3,3,3,5,3,5,5,7,7,4,7,4,4
5,,6,2,7,4,5,6,5,5,5,5,3,3,5,2,2,5
2,,7,5,2,2,2,2,6,3,3,5,6,6,5,5,5,6
4,,6,4,7,2,1,1,5,3,5,6,5,5,5,5,5,5
5,,7,2,3,3,2,3,5,4,5,5,5,6,6,5,4,5
3,,7,4,5,3,3,3,5,3,5,5,3,3,3,5,6,5
4,,7,3,5,3,3,3,4,2,5,5,2,2,2,3,1,2
3,,6,3,6,4,4,4,6,5,6,6,4,5,4,1,4,4
2,,7,5,2,1,2,1,3,3,3,6,7,7,5,5,3,7
4,,7,1,1,1,3,1,6,3,2,2,5,5,5,5,5,5
4,,7,4,3,3,2,4,4,4,5,6,3,5,3,4,3,5
2,,7,2,4,2,2,3,5,6,6,5,7,7,5,5,5,6
3,,4,3,3,2,2,3,3,4,3,3,5,5,5,5,5,5
3,,7,2,2,2,2,3,4,3,2,5,5,5,4,5,3,5
3,,7,4,5,3,3,3,5,3,4,5,4,5,3,5,3,3
3,,7,5,3,1,3,2,5,3,5,6,5,5,3,3,3,6
4,,7,3,3,1,1,1,7,2,4,4,5,7,5,4,4,4
4,,7,3,3,3,3,1,4,3,4,6,5,5,4,3,4,3
3,,6,3,3,2,3,3,5,3,3,4,5,6,5,4,4,5
3,,4,1,5,2,2,2,6,3,3,5,6,6,6,7,3,4
3,,7,0,7,1,1,1,5,1,2,7,5,6,6,6,7,7
2,,6,1,4,1,1,2,6,3,4,3,6,5,5,5,4,5
5,,7,2,3,3,3,2,6,3,5,5,5,5,5,3,3,6
4,,7,2,4,2,2,3,4,5,5,6,4,4,4,4,4,4
3,,7,3,3,3,2,4,4,3,4,5,3,5,2,3,2,4
4,,5,4,5,4,5,4,5,4,5,5,6,6,5,6,6,6
2,,4,4,5,3,3,4,6,5,5,5,5,5,2,4,3,3
4,,7,2,3,3,2,3,5,3,3,6,5,3,4,3,4,5
2,,4,4,5,3,3,3,5,5,4,5,5,5,5,5,5,4
4,,4,3,2,1,1,1,6,3,3,4,6,6,6,7,6,7
4,,7,3,5,3,2,4,5,3,3,5,5,5,3,5,3,4
1,,4,3,7,1,1,3,7,4,3,7,1,1,1,1,1,1
4,,5,3,5,3,3,4,5,4,5,4,4,4,4,4,4,4
4,,4,4,5,3,2,3,6,3,5,5,6,5,5,5,3,5
4,,7,4,4,3,3,4,2,4,4,5,5,5,5,5,3,6
3,,4,1,4,2,2,3,6,2,3,3,5,5,3,5,6,6
4,,6,5,6,1,2,3,5,2,1,2,2,3,2,2,1,1
4,,7,4,3,2,2,2,6,3,4,5,5,5,5,5,3,3
4,,7,4,7,2,4,2,5,3,4,5,4,5,3,6,3,4
2,,4,2,4,3,3,3,6,4,4,4,4,4,3,5,4,4
4,,7,0,1,1,1,1,7,1,1,7,4,4,7,6,6,6
4,,6,4,6,2,3,3,5,4,5,6,5,6,5,4,3,4
5,,4,3,4,3,3,3,6,4,4,5,4,4,4,4,4,5
5,,6,4,3,2,2,2,1,3,2,5,5,6,3,5,2,5
3,,6,5,5,2,2,1,4,3,3,6,6,7,5,5,5,6
5,,5,0,1,1,1,3,7,2,2,3,6,6,6,6,3,5
4,,7,4,3,2,2,1,6,6,5,5,6,6,5,6,7,6
2,,7,5,5,1,1,4,6,4,5,6,3,7,5,6,4,5
5,,6,4,4,3,3,3,5,6,3,5,6,6,5,6,6,6
4,,7,0,3,1,1,1,5,3,3,5,6,6,5,7,6,6
5,,5,4,6,3,3,3,6,5,3,5,5,5,5,5,5,5
3,,7,3,4,3,2,3,5,3,5,5,6,6,4,5,4,4
4,,6,3,5,3,3,3,5,4,5,5,7,7,6,7,4,5
4,,7,4,4,3,3,3,5,3,5,3,5,6,6,5,3,6
3,,6,4,5,3,3,3,5,4,5,5,5,3,5,4,4,5
4,,7,5,3,3,4,3,6,3,2,3,6,6,4,7,5,2
4,,7,4,5,3,2,2,5,5,3,3,5,5,5,5,5,5
3,,7,0,1,1,1,1,6,1,1,2,1,1,1,1,1,1
8,NVQ Level 4,7,3,4,3,1,4,7,4,4,6,6,6,6,7,6,6
2,,7,3,6,3,3,1,6,4,4,5,5,5,4,4,5,5
5,,6,4,3,2,2,2,4,4,4,3,2,2,4,5,3,6
3,,7,4,5,2,2,1,7,3,5,5,6,6,5,6,3,6
1,,5,3,3,1,2,2,3,3,5,5,5,6,4,3,4,6
4,,6,2,3,1,1,1,5,1,2,2,5,5,4,6,5,5
4,,7,3,4,3,3,4,5,4,4,5,5,6,6,5,4,4
4,,6,3,4,4,3,4,4,4,4,4,4,4,4,2,2,4
4,,7,2,4,3,3,3,5,3,4,5,5,5,6,6,6,5
4,,7,0,3,2,2,2,4,4,5,5,6,7,7,7,7,4
4,,7,5,6,4,5,5,4,5,5,6,4,5,3,5,5,4
3,,7,3,6,1,1,1,7,1,3,5,6,6,4,5,5,6
4,,5,4,5,2,2,3,4,2,5,5,5,6,5,5,5,6
2,,5,3,3,2,2,3,4,3,3,4,7,7,4,5,4,4
5,,7,4,5,2,2,3,5,3,5,5,5,5,5,5,6,7
5,,7,5,3,3,4,2,6,4,5,5,6,6,4,5,5,6
5,,3,0,5,2,3,3,6,1,4,4,6,5,2,5,6,6
4,,7,5,6,2,3,2,6,4,5,5,6,6,5,6,6,6
4,,7,1,5,2,1,2,6,2,4,4,6,6,4,6,3,4
5,,5,3,4,3,3,3,6,3,3,4,6,6,6,6,6,5
4,,7,6,5,3,4,5,3,5,5,5,3,5,2,2,2,3
3,,4,2,6,3,3,2,5,4,5,3,7,6,6,5,3,4
3,,5,3,5,2,3,4,6,4,4,5,5,6,4,5,4,5
3,,6,4,6,2,3,3,6,2,3,5,5,5,5,6,3,3
5,,7,2,3,2,2,2,7,3,5,5,5,6,4,4,5,6
4,,7,3,3,2,2,4,5,2,3,5,5,6,5,5,5,7
2,,4,3,5,3,3,4,4,4,5,5,5,5,4,6,5,4
5,,7,4,3,3,2,3,5,4,4,4,5,5,5,6,6,5
4,,7,5,5,5,3,3,5,5,5,6,2,5,3,5,2,2
3,,6,1,1,1,1,1,5,1,1,2,3,5,5,5,5,6
4,,7,1,4,2,2,2,3,2,5,3,2,5,5,7,3,7
2,,7,3,4,3,2,2,6,4,4,5,5,5,4,5,4,6
3,,7,2,5,3,2,2,6,5,6,7,5,5,6,5,4,6
4,,6,2,6,4,4,4,5,3,4,5,4,4,4,4,2,3
4,,5,2,3,1,1,2,7,3,4,5,3,6,5,7,7,6
3,,7,4,7,2,3,5,7,6,5,6,7,7,3,7,5,5
4,,6,3,4,2,3,3,5,2,4,4,5,5,4,4,4,4
5,,7,4,2,1,3,3,5,4,5,2,5,3,5,6,1,7
4,,6,3,4,3,3,3,5,2,2,5,5,5,5,4,5,5
3,,5,5,3,3,3,3,5,5,5,5,5,4,5,6,6,6
2,,7,3,6,1,1,3,6,2,5,6,7,7,6,7,7,7
4,,7,3,5,2,2,3,5,3,3,2,5,5,5,5,3,3
3,,6,5,6,3,2,4,6,4,6,6,6,6,1,3,1,1
4,,7,4,4,2,3,3,5,3,3,3,4,4,4,2,3,6
3,,6,3,4,3,3,3,5,5,5,5,6,6,6,6,6,6
2,,5,4,3,3,3,4,5,4,5,5,6,6,5,5,6,6
4,,7,5,5,3,3,2,5,4,6,6,6,6,5,4,2,2
3,,7,2,3,2,1,1,7,4,3,2,3,3,5,4,6,6
2,,5,4,7,1,3,2,5,5,4,5,4,5,4,4,4,5
4,,6,2,4,2,2,2,6,2,3,3,5,6,5,5,2,5
3,,4,3,4,2,2,2,4,5,5,5,5,5,6,7,7,7
2,,3,3,4,3,3,3,3,2,5,5,5,5,4,3,3,3
5,,5,2,3,3,2,3,5,4,4,5,4,5,5,4,5,6
4,,7,2,7,5,3,3,2,4,3,4,6,5,6,4,3,7
2,,7,4,3,1,2,2,5,2,2,6,4,3,5,2,1,6
4,,2,1,4,4,3,3,5,3,4,4,3,5,4,5,5,5
4,,7,4,4,3,3,3,3,4,3,3,4,4,4,4,5,4
3,,7,3,7,7,7,7,5,4,3,6,7,6,5,5,5,5
4,,6,2,6,2,1,2,7,7,6,6,6,6,5,6,5,6
2,,4,2,5,3,3,3,6,2,4,4,3,4,4,4,4,4
4,,7,4,5,3,3,3,5,3,5,5,5,5,5,5,6,5
4,,7,2,4,3,2,2,6,2,3,5,5,5,5,5,5,6
3,,4,2,4,3,3,2,6,4,4,5,5,5,5,4,5,6
3,,7,3,5,5,3,5,5,6,6,6,6,7,6,7,6,7
4,,7,3,3,3,3,2,4,4,4,5,5,5,5,5,4,5
5,,7,4,3,1,3,3,3,3,5,3,5,5,5,5,5,5
4,,4,0,4,3,2,1,6,2,3,7,5,5,6,4,6,6
2,,5,4,5,3,3,4,4,4,5,5,5,6,4,3,3,2
2,,5,2,3,1,2,1,6,1,3,3,4,6,6,5,7,6
2,,6,2,5,4,3,3,6,3,4,5,5,5,4,5,3,3
3,,4,4,5,3,3,3,5,4,5,5,5,5,5,5,5,5
2,,4,1,4,3,2,2,6,4,3,5,7,7,7,7,5,6
3,,5,2,6,4,2,3,6,4,4,5,5,5,4,5,6,5
4,,5,2,4,3,3,3,6,4,4,5,4,5,4,5,6,6
4,,7,2,2,2,2,2,6,3,3,7,4,4,4,3,3,6
4,,7,2,3,1,1,2,5,3,3,7,6,7,7,1,1,4
2,,7,0,3,2,1,2,7,4,4,4,6,6,5,5,5,6
5,,7,4,6,3,2,2,3,2,5,5,5,5,4,6,5,4
3,,7,5,6,1,2,4,5,5,5,5,5,5,6,4,5,6
5,,7,6,5,3,1,3,2,1,5,6,6,7,6,6,7,7
3,,4,2,3,3,4,4,4,4,4,5,5,4,4,5,4,4
4,,7,6,7,6,5,6,3,6,6,6,4,5,2,3,2,2
3,,4,3,4,2,1,3,6,5,3,3,5,5,5,5,6,6
4,,5,2,4,3,3,3,6,3,5,6,5,5,3,5,2,4
4,,7,3,5,5,5,5,4,3,3,3,6,6,5,6,5,5
5,,7,2,6,3,3,5,5,5,5,5,5,6,5,5,5,5
4,,7,2,3,2,2,3,6,3,3,5,7,7,3,7,7,6
4,,7,4,3,1,1,2,4,5,3,5,5,5,4,4,3,5
3,,7,4,5,1,2,2,4,3,4,5,4,6,2,4,3,5
4,,6,2,4,3,2,3,5,5,5,4,6,6,6,6,6,6
4,,7,1,3,1,1,3,6,2,3,6,5,5,6,5,4,5
4,,4,2,4,2,2,2,5,3,4,6,3,5,4,5,5,6
4,,7,1,3,1,1,3,6,2,4,3,5,7,7,6,7,6
3,,5,3,3,2,3,3,5,3,5,6,5,5,4,5,3,4
4,,7,5,4,3,3,3,6,5,5,5,5,5,5,5,5,5
2,,7,5,6,2,2,3,5,5,4,5,6,6,5,7,6,6
4,,5,2,5,2,2,2,4,2,3,3,2,5,5,6,4,4
4,,7,4,6,3,4,4,5,5,6,5,4,4,5,5,3,3
5,,7,5,1,2,3,2,6,6,6,6,6,5,6,5,5,5
5,,3,1,4,3,2,2,5,5,3,5,4,3,4,3,4,3
3,,4,1,5,5,3,3,5,3,5,5,1,1,1,1,1,1
4,,6,1,3,3,3,3,5,3,4,5,5,5,5,5,5,5
4,,7,2,6,4,5,3,5,3,5,6,5,6,6,6,7,7
4,,6,4,5,4,3,4,5,5,5,5,5,5,5,5,4,4
5,,7,1,3,2,2,2,5,2,3,3,6,6,4,6,3,6
8,Barrister (passed Bar Finals),4,1,4,1,1,2,5,4,4,3,5,5,4,5,4,6
4,,7,4,7,2,2,2,6,7,5,6,5,5,5,6,6,3
5,,7,3,5,2,3,4,6,5,3,5,5,5,6,4,5,6
4,,7,4,4,2,3,4,5,3,4,5,5,5,4,7,6,6
3,,7,5,5,3,3,3,6,4,5,5,5,5,2,4,4,5
4,,7,4,2,2,2,2,4,3,4,2,6,5,5,6,5,5
4,,7,0,4,1,1,4,7,2,3,6,7,7,5,7,4,6
4,,3,1,2,2,2,2,3,2,2,2,3,5,3,3,3,5
5,,6,3,5,3,2,2,7,4,4,5,5,6,5,5,4,7
4,,7,3,1,1,1,1,4,4,5,5,5,5,5,5,5,5
5,,7,3,3,2,3,2,6,4,3,4,5,5,5,5,1,2
2,,3,4,6,3,2,4,6,5,6,7,5,6,4,6,6,7
4,,6,4,3,3,5,2,6,4,5,5,5,5,6,6,5,6
4,,7,4,6,5,2,4,6,6,6,7,7,7,2,7,4,1
5,,6,4,6,5,3,3,5,5,5,6,7,7,7,7,7,7
4,,6,4,6,5,3,4,5,3,5,5,3,3,1,2,2,2
2,,7,3,5,2,2,2,2,3,4,5,3,3,5,4,4,2
4,,5,4,5,3,4,3,5,6,5,6,5,6,5,6,5,5
3,,7,0,2,1,1,1,4,1,5,4,3,6,6,5,2,5
4,,7,4,5,1,2,4,4,3,5,5,5,5,4,2,4,5
4,,7,3,5,1,1,1,5,6,3,2,5,5,5,5,5,5
5,,7,2,3,1,1,3,5,3,3,5,3,4,4,4,5,6
2,,7,5,5,3,3,5,5,5,5,5,5,5,4,4,3,3
4,,7,3,4,4,4,4,5,4,5,6,5,5,2,6,4,4
5,,7,4,5,5,3,4,3,3,5,5,5,5,5,5,5,5
3,,4,3,5,3,3,3,6,3,3,3,7,7,7,7,5,5
8,Apprenticeship ,6,3,4,3,2,2,7,4,4,5,5,6,3,5,5,6
4,,4,2,3,1,1,2,6,2,5,4,6,6,5,5,5,7
3,,7,3,4,4,4,3,5,4,5,5,5,6,5,5,4,5
5,,4,2,3,3,2,3,5,3,3,5,5,5,5,5,3,4
4,,5,2,5,2,4,3,6,3,4,5,5,6,5,5,4,5
2,,7,4,4,3,2,2,5,4,5,5,5,5,5,6,4,4
2,,6,2,5,3,2,1,2,3,5,5,6,7,5,7,6,6
4,,7,2,6,3,1,1,5,2,6,6,3,5,7,3,5,6
4,,6,0,2,2,1,1,4,3,4,2,4,4,4,5,5,6
5,,6,4,4,2,2,1,6,5,5,3,5,5,5,3,5,5
8,DIP/HE,7,1,6,2,1,2,6,2,3,6,4,6,6,5,1,5
3,,7,3,3,1,3,3,6,3,4,5,6,6,5,7,4,2
1,,6,4,5,4,3,3,5,5,5,6,5,5,6,5,5,6
2,,7,3,3,2,2,4,6,3,2,2,3,5,6,6,6,7
4,,6,1,3,2,1,1,5,2,2,2,2,2,1,1,2,3
5,,7,4,4,4,4,4,4,4,4,4,5,5,1,5,4,4
4,,4,3,5,3,3,4,5,4,4,4,4,4,4,4,4,4
5,,7,3,6,1,2,4,6,2,4,5,6,6,3,5,4,6
4,,4,0,3,1,1,4,5,1,4,6,6,6,6,5,4,6
3,,4,3,5,4,4,4,5,3,3,5,5,5,5,5,5,5
4,,6,4,5,3,2,3,5,5,5,6,5,5,5,6,6,6
5,,7,0,1,1,1,1,6,1,1,1,5,6,6,6,7,5
4,,7,5,5,3,3,3,6,4,5,5,5,6,5,5,4,4
5,,7,4,2,1,1,1,5,3,3,5,6,6,7,6,4,5
2,,7,0,4,1,1,4,7,4,4,5,4,4,4,4,4,4
3,,7,3,3,1,1,1,3,3,3,3,4,5,4,4,4,5
3,,6,4,6,3,4,4,4,4,5,3,6,5,5,5,6,5
5,,6,4,3,3,4,4,5,3,3,3,5,6,4,5,2,3
3,,1,2,3,1,1,2,5,2,3,6,3,5,5,5,4,5
2,,7,6,1,1,1,2,4,1,5,5,7,7,6,6,7,7
5,,3,0,1,1,1,1,7,1,1,3,5,5,2,3,4,5
4,,7,4,3,2,3,3,4,2,5,4,5,5,5,5,5,5
5,,5,4,4,3,3,3,5,5,5,5,5,5,5,5,5,5
3,,7,1,3,3,2,3,4,5,5,5,5,5,5,6,3,3
4,,4,1,4,3,3,4,3,2,4,6,5,5,4,4,3,4
2,,4,4,5,1,2,3,6,5,5,5,5,5,5,6,5,6
3,,5,4,5,3,3,3,5,3,5,5,5,5,4,4,3,4
2,,7,4,5,3,2,3,6,3,4,6,7,7,5,6,4,7
5,,7,4,5,3,2,3,6,5,5,5,6,7,7,7,7,7
4,,7,5,5,3,3,3,6,5,5,5,6,6,5,6,5,6
4,,7,4,4,4,3,3,6,5,5,5,5,5,4,4,4,5
4,,6,1,2,1,1,3,4,3,2,3,4,5,6,4,4,5
4,,7,5,5,1,2,2,5,4,4,5,5,5,5,4,4,5
3,,6,3,3,1,1,3,5,2,2,3,5,6,5,5,5,6
2,,7,5,6,3,3,4,5,4,5,6,3,3,2,1,3,5
4,,5,3,4,3,3,4,6,3,3,5,5,5,5,6,5,6
2,,4,1,7,1,1,1,7,5,5,5,4,4,4,4,4,4
5,,7,4,6,3,3,3,5,3,5,5,6,6,6,6,4,6
1,,7,1,3,3,1,3,5,3,3,1,3,3,5,5,3,3
4,,6,3,4,3,2,2,5,5,4,5,5,5,6,6,5,5
5,,6,4,5,5,4,3,5,3,4,5,5,5,3,3,4,5
4,,6,3,4,1,1,1,7,5,4,4,5,5,5,5,5,5
2,,4,2,4,2,3,3,4,4,3,4,4,5,4,3,4,3
2,,1,2,6,7,1,3,4,5,4,6,1,1,1,1,1,1
4,,7,4,3,1,2,1,6,4,5,6,3,6,5,4,3,6
5,,7,5,7,4,4,5,4,5,5,3,4,5,3,5,4,5
4,,4,5,4,3,3,3,5,6,4,6,5,5,5,5,5,5
4,,6,4,3,2,2,2,4,2,3,5,4,5,4,6,4,5
4,,7,3,3,2,2,3,6,4,3,3,5,5,4,3,4,5
4,,7,3,4,2,3,3,5,2,3,5,6,6,2,7,3,3
4,,4,0,1,1,1,2,7,1,1,2,7,7,6,7,2,3
5,,7,4,4,2,3,2,6,3,3,4,4,6,6,5,5,6
4,,7,4,3,4,3,2,6,3,1,5,3,5,5,5,5,5
4,,7,2,2,2,2,2,6,3,5,5,5,5,5,5,5,5
4,,7,3,5,2,4,3,4,5,5,5,3,5,5,5,5,5
2,,7,5,6,2,4,5,5,5,5,6,7,7,7,7,6,6
4,,7,4,5,3,3,2,5,3,3,5,3,3,2,5,3,3
5,,4,3,4,1,1,1,6,3,5,5,5,6,5,6,7,7
4,,7,5,4,1,4,4,5,4,3,5,6,7,4,5,4,4
4,,6,4,3,2,3,2,6,3,5,4,5,5,4,5,5,6
5,,7,2,4,2,2,3,6,2,4,3,1,5,5,5,1,5
4,,6,3,4,3,3,3,4,4,4,3,6,6,6,6,6,6
3,,6,1,5,3,2,3,5,4,3,5,5,6,4,6,5,5
4,,5,0,2,1,1,1,3,3,3,4,3,2,5,3,3,5
5,,7,3,4,2,2,2,4,1,3,3,5,5,4,5,4,5
5,,7,4,6,2,1,2,7,1,5,5,5,5,4,4,4,4
4,,7,3,4,2,2,2,6,4,4,5,5,5,3,5,3,5
4,,7,4,3,2,3,2,6,4,3,2,3,3,3,3,3,3
3,,7,3,4,2,2,2,4,2,3,3,5,5,5,4,6,6
4,,6,4,5,3,2,2,7,2,3,3,6,5,3,6,5,5
4,,7,4,5,3,3,3,5,4,5,4,5,5,4,5,4,5
5,,7,5,5,2,1,3,6,3,3,5,5,6,4,6,5,6
4,,7,3,4,2,2,2,4,2,3,2,5,5,5,5,5,5
4,,7,4,5,3,4,3,6,5,6,7,5,7,4,6,4,5
3,,7,5,7,4,4,6,5,5,6,6,6,6,4,5,4,5
5,,7,5,4,5,6,5,5,5,5,6,5,6,2,2,2,3
4,,7,4,3,3,3,3,5,3,3,3,5,5,2,5,2,3
4,,6,4,5,2,3,3,6,2,3,5,6,6,5,5,5,5
3,,7,3,4,3,1,1,6,1,4,3,5,5,6,6,2,2
4,,6,2,2,2,3,2,3,2,3,3,3,3,6,6,6,5
4,,7,5,2,2,3,3,6,5,5,5,6,6,5,5,5,6
3,,5,3,3,2,2,2,4,4,5,3,5,6,4,7,3,5
3,,5,4,7,7,5,5,5,5,5,5,5,6,3,7,5,5
2,,7,5,4,3,4,4,5,3,5,5,5,6,2,4,4,4
5,,7,3,2,1,1,1,6,3,4,5,3,5,5,5,5,5
4,,6,2,7,3,3,4,5,3,5,2,7,5,4,7,4,4
5,,7,4,3,2,3,3,3,3,3,5,3,3,5,5,3,4
5,,7,3,5,4,3,3,5,3,5,6,3,3,2,4,4,4
3,,7,2,3,1,1,3,6,3,3,5,5,5,3,5,2,3
4,,7,1,5,5,4,5,2,5,5,5,5,5,6,5,6,6
4,,2,3,3,3,3,3,6,3,3,4,4,4,4,4,4,5
2,,5,5,6,1,2,2,7,4,3,6,7,7,7,7,5,3
2,,7,2,3,2,2,3,6,3,3,3,5,7,2,5,4,5
4,,6,3,4,5,4,5,4,3,4,5,5,5,5,5,3,3
5,,5,4,6,4,4,4,5,5,5,5,6,6,5,6,4,5
2,,1,0,4,4,4,4,4,4,4,4,1,1,1,1,1,1
1,,4,4,4,5,4,6,4,4,5,4,4,4,3,5,4,2
4,,7,2,3,2,2,2,6,6,5,5,5,6,5,6,6,6
4,,6,4,3,1,3,3,3,2,3,5,5,5,5,4,3,5
4,,7,5,5,3,2,2,5,4,5,6,5,6,7,4,4,5
5,,6,4,5,3,4,5,5,5,6,6,6,6,5,5,5,6
3,,6,2,3,3,3,2,5,3,4,2,5,5,2,4,5,6
5,,7,4,6,3,2,2,6,5,3,4,6,6,6,6,4,5
4,,6,2,4,4,3,4,4,3,4,4,4,5,5,5,5,5
4,,7,5,7,5,3,6,4,5,5,5,5,6,6,3,1,7
5,,7,2,3,1,2,3,6,3,3,2,3,4,5,6,6,7
4,,7,5,5,3,2,3,6,5,5,5,5,6,4,4,5,6
3,,4,3,5,4,3,4,5,3,4,4,4,4,4,3,2,2
3,,6,4,5,3,3,2,3,4,5,5,4,5,5,5,3,5
4,,7,4,5,2,3,2,7,4,3,5,5,5,4,6,5,5
3,,7,5,6,2,4,3,4,4,5,5,4,5,4,2,2,2
8,Technical College Diploma,7,4,6,1,2,2,7,2,3,6,6,7,6,7,3,7
4,,7,2,3,4,4,4,5,4,4,4,5,5,4,5,5,5
4,,7,4,4,3,5,4,6,5,5,6,6,6,6,6,6,6
3,,7,4,5,4,5,5,4,4,5,5,3,4,5,5,3,4
5,,7,6,2,1,2,1,3,1,5,3,7,7,4,5,5,5
2,,6,2,6,2,2,3,6,4,4,5,5,6,4,5,5,5
3,,5,3,3,2,3,3,6,6,5,6,5,5,6,6,4,5
3,,6,0,5,1,1,1,7,4,3,6,6,6,4,5,5,5
2,,6,4,5,2,2,3,6,3,5,6,5,6,6,6,6,6
4,,7,3,5,1,1,2,7,2,3,5,3,3,5,5,5,5
4,,5,4,4,3,3,4,5,5,5,5,6,5,3,5,4,6
2,,4,0,3,1,1,1,6,2,5,3,7,7,1,7,6,6
5,,7,4,4,3,3,3,2,4,4,4,4,5,1,1,1,5
3,,7,3,5,3,3,4,5,3,5,5,4,5,5,4,4,4
3,,7,2,2,2,2,2,5,3,2,6,4,5,3,3,3,3
4,,5,4,6,6,6,6,2,2,5,5,5,5,6,6,5,5
4,,6,3,5,3,3,3,5,3,5,5,5,6,4,4,3,3
3,,7,3,2,2,1,1,3,4,4,3,4,7,4,5,2,7
5,,5,3,3,3,3,4,5,3,4,3,5,5,4,4,2,2
3,,7,3,6,2,1,1,5,2,2,4,4,4,7,5,5,7
5,,6,3,3,1,3,4,4,4,5,3,7,7,6,7,2,5
4,,7,3,4,1,1,1,4,1,1,4,7,7,7,7,7,7
3,,4,3,4,2,2,2,5,4,4,4,4,4,4,4,4,4
3,,7,5,6,2,3,3,5,6,6,6,5,5,4,5,4,4
2,,6,5,5,2,3,3,6,5,6,6,5,5,5,5,5,5
2,,6,3,4,2,1,2,5,4,5,5,6,5,6,7,6,6
4,,7,4,4,5,5,4,5,4,5,5,6,6,5,7,7,7
4,,7,4,6,2,2,2,6,4,5,6,5,5,5,5,4,4
3,,4,2,4,2,1,2,5,2,6,6,7,7,5,6,1,2
4,,7,5,6,4,5,4,4,5,5,6,7,7,2,7,6,6
5,,5,3,5,3,4,3,5,2,2,5,6,7,4,7,5,5
2,,6,5,5,3,3,3,5,5,5,5,5,6,5,5,3,5
3,,5,3,4,4,4,3,5,5,4,5,4,4,4,4,4,4
5,,7,2,3,2,3,2,7,3,3,3,3,4,4,4,3,4
3,,5,1,3,2,2,2,4,2,4,3,5,4,5,6,4,7
3,,7,5,3,2,3,3,6,3,4,6,3,3,5,5,3,6
5,,5,2,6,2,3,3,3,2,5,5,5,5,5,3,3,2
4,,7,3,4,3,3,3,2,4,4,3,4,5,5,5,4,5
2,,7,5,5,5,3,3,4,4,5,5,6,6,4,6,3,5
4,,4,1,5,1,1,1,7,7,6,7,7,5,6,7,3,6
4,,7,2,3,1,2,1,5,2,4,5,6,6,5,6,5,6
5,,7,1,5,3,3,4,6,4,4,4,4,5,5,5,3,4
4,,7,3,2,1,1,2,3,2,2,6,4,5,5,5,4,4
5,,7,4,5,2,3,3,5,4,5,5,5,5,4,6,4,5
4,,7,1,3,3,2,2,6,2,2,4,5,5,4,5,4,3
3,,5,3,4,3,2,3,6,2,4,4,2,2,2,4,4,4
3,,7,3,5,3,3,4,5,3,3,4,4,5,3,2,4,4
5,,7,2,4,1,3,3,5,2,4,5,3,5,5,5,5,5
3,,7,3,5,5,4,5,4,4,5,4,5,5,4,5,5,5
4,,7,1,2,1,1,1,7,1,1,5,5,5,4,6,6,6
3,,1,0,3,2,2,3,6,1,3,5,2,3,3,2,3,2
4,,7,4,3,1,2,2,5,2,3,5,6,5,3,5,5,5
2,,7,0,3,2,2,2,5,2,3,3,5,5,4,6,3,3
2,,7,5,3,1,1,2,7,1,3,5,6,6,4,5,6,6
3,,4,4,4,1,3,4,6,4,5,4,5,5,4,6,7,4
3,,5,1,4,2,2,5,3,4,4,3,2,5,4,5,3,5
4,,7,0,2,1,1,1,1,1,4,5,2,2,5,5,6,7
4,,6,2,3,2,2,1,6,4,3,3,5,5,4,6,4,4
4,,7,3,5,3,3,3,2,3,3,5,5,5,2,5,3,3
8,HND,4,1,3,4,4,3,4,3,5,4,4,4,3,4,3,5
3,,6,0,5,2,3,5,5,4,5,5,3,6,3,5,2,6
2,,6,3,4,3,3,2,5,4,4,5,5,6,5,5,6,5
4,,7,5,4,1,1,1,6,4,5,5,7,7,7,7,7,7
4,,7,3,3,2,2,1,5,4,4,6,5,5,4,3,3,6
4,,7,2,4,3,2,3,5,2,4,5,5,5,5,5,5,5
4,,7,2,3,2,1,2,5,3,3,3,3,5,5,5,4,5
4,,7,3,3,2,2,2,5,3,5,5,4,3,3,5,4,5
5,,7,4,5,1,3,3,5,3,5,3,5,5,5,5,3,3
3,,6,4,3,2,3,4,4,4,5,5,5,5,4,5,5,5
4,,6,4,3,3,3,3,5,3,4,4,6,5,5,6,5,5
5,,7,5,4,2,3,4,5,4,5,5,4,4,4,4,4,4
4,,4,3,4,3,3,3,6,2,4,4,5,5,5,6,6,6
4,,7,4,6,3,3,5,5,5,6,5,5,5,4,5,4,5
3,,7,3,3,2,4,2,3,2,4,4,6,6,4,6,4,4
3,,2,4,6,2,2,3,3,4,5,5,5,5,4,6,5,4
4,,7,5,2,2,2,2,6,4,3,5,4,5,4,5,5,5
4,,6,3,5,5,3,4,5,4,4,5,4,4,3,4,4,4
4,,4,1,3,1,1,2,7,5,3,6,7,7,5,7,4,3
4,,6,2,3,3,3,3,5,3,3,4,5,6,5,5,5,5
4,,7,3,3,2,2,4,5,3,4,3,6,6,5,5,4,5
3,,6,1,6,3,4,5,6,4,4,5,2,4,3,2,2,3
4,,7,4,4,2,3,3,3,3,4,5,5,6,6,4,3,6
3,,6,4,3,2,2,3,5,4,2,5,3,3,3,3,2,5
4,,3,2,3,2,3,3,4,1,3,5,5,4,4,6,5,6
3,,4,2,2,1,1,2,6,3,5,6,4,6,6,5,4,5
3,,7,4,4,2,2,3,4,4,5,3,4,5,3,4,3,4
5,,3,3,4,4,4,5,3,4,3,4,4,4,4,4,4,4
4,,5,1,3,2,3,3,6,3,3,3,5,6,5,7,6,5
4,,7,3,4,3,3,3,4,5,5,5,4,5,3,3,3,3
5,,7,3,5,2,1,1,1,1,2,6,4,3,3,5,5,5
4,,7,4,4,3,3,4,5,3,4,5,5,5,4,5,5,5
5,,5,2,3,3,3,2,3,2,2,2,5,4,5,5,4,4
4,,7,3,3,2,2,3,4,2,3,3,5,5,5,3,3,5
4,,6,3,5,1,1,4,5,4,5,6,3,4,2,5,4,4
4,,7,4,4,3,3,3,4,3,4,5,5,6,5,3,5,6
8,HND,7,4,5,6,4,5,4,5,6,6,6,5,4,6,4,5
2,,7,3,4,3,3,5,4,5,5,3,5,5,3,4,4,5
5,,5,4,7,5,6,5,3,1,5,7,5,5,3,4,2,2
4,,7,4,3,2,1,3,5,2,2,3,5,4,4,3,6,6
3,,4,4,4,4,5,4,5,4,3,3,5,6,2,2,3,7
4,,7,3,3,1,1,1,6,1,5,6,6,6,5,2,4,2
4,,3,2,5,3,3,4,5,5,5,6,5,5,3,7,5,3
4,,7,4,5,2,2,3,6,2,5,5,5,5,1,6,5,4
2,,4,1,4,1,1,3,5,2,5,6,7,7,7,7,7,7
5,,7,4,3,2,1,2,3,4,4,2,3,5,2,2,2,5
3,,4,2,3,4,4,3,5,5,4,3,4,4,4,3,3,3
2,,7,3,5,3,4,3,4,4,4,5,3,4,3,3,4,7
4,,5,3,3,1,1,2,6,4,3,4,5,5,6,4,5,6
5,,7,3,6,3,3,3,4,3,4,4,3,3,3,3,3,3
3,,7,3,3,2,2,2,6,3,4,4,7,7,4,5,5,6
3,,5,2,5,3,3,3,5,2,3,4,5,5,5,5,5,5
4,,5,1,5,2,2,3,5,3,4,4,4,5,4,5,4,5
4,,1,0,4,3,1,1,7,5,4,7,7,7,7,7,7,7
3,,6,4,5,3,3,5,4,4,5,5,4,4,2,2,2,2
5,,7,3,4,2,2,3,5,5,4,5,5,5,3,3,4,4
5,,7,4,2,2,2,3,6,1,2,3,5,5,3,5,5,4
5,,7,4,5,3,3,6,4,3,5,6,7,7,7,7,7,7
5,,7,5,6,3,3,3,4,3,3,5,5,5,5,3,4,5
3,,7,4,6,6,4,6,4,4,6,6,5,6,4,6,4,5
5,,5,4,2,2,2,2,5,2,4,3,6,6,5,6,3,6
3,,6,1,4,2,2,4,5,4,3,5,5,6,5,7,6,7
4,,7,3,2,2,2,2,5,3,2,4,6,6,6,6,6,6
3,,6,3,5,3,3,3,6,4,4,6,6,6,5,7,5,5
4,,6,2,4,4,2,3,5,4,3,3,4,4,3,4,3,4
3,,7,1,3,2,2,2,6,5,3,4,4,5,5,5,6,6
3,,6,4,4,2,3,1,6,5,5,6,4,6,5,5,5,5
3,,4,2,4,3,3,3,6,4,3,4,5,5,2,3,3,3
3,,7,0,3,2,1,3,6,1,4,5,6,7,5,7,4,5
5,,7,6,5,2,2,2,6,2,4,5,6,6,6,6,4,6
4,,6,1,6,4,2,3,5,3,3,2,3,3,3,2,2,1
3,,7,1,5,3,2,2,5,4,4,6,5,3,1,4,4,5
5,,7,1,2,1,2,2,6,1,2,3,3,6,5,5,6,6
3,,7,4,5,1,2,2,4,3,4,4,3,3,7,4,4,4
4,,7,3,3,4,1,4,7,3,4,6,5,5,6,6,6,6
5,,7,5,5,3,4,3,5,5,5,5,6,6,4,5,2,5
4,,7,2,4,4,2,3,7,2,5,5,4,5,1,3,3,5
3,,7,1,3,2,1,1,7,1,2,4,1,2,7,5,5,6
3,,7,2,3,2,1,1,6,2,3,3,3,5,6,6,7,7
3,,7,4,6,2,3,2,6,3,3,5,3,5,6,5,5,5
4,,6,4,5,4,3,4,3,4,6,5,4,5,5,5,4,4
3,,7,4,4,3,3,3,6,4,5,5,6,6,6,7,3,6
3,,7,4,6,5,3,3,5,5,5,5,6,6,6,5,5,6
4,,6,3,3,3,4,5,5,5,5,6,3,5,4,5,3,2
3,,7,1,3,3,1,1,6,4,5,5,6,6,4,5,3,6
2,,7,4,5,4,4,4,5,5,4,4,5,5,5,5,5,5
2,,7,4,5,3,3,5,4,5,5,5,5,4,5,5,3,5
5,,7,4,2,3,5,6,6,4,5,4,6,6,4,5,5,6
3,,7,5,6,2,2,3,5,3,5,6,5,5,2,2,5,6
4,,7,4,3,2,2,2,6,2,2,2,6,6,6,5,5,5
2,,6,3,3,3,3,3,5,3,4,5,6,6,5,5,5,5
2,,7,4,5,3,4,3,5,5,6,6,4,4,3,4,3,4
2,,6,5,6,5,6,2,5,4,6,4,6,5,5,5,5,6
4,,7,4,6,4,7,7,5,3,3,5,5,5,3,5,5,5
3,,7,3,4,4,3,4,5,5,5,5,5,5,3,4,4,4
2,,4,3,4,3,4,4,5,5,4,5,5,5,5,5,4,4
4,,7,3,5,3,2,3,5,3,5,5,6,6,5,6,2,2
5,,6,3,4,3,3,5,4,4,5,5,3,5,5,3,3,4
3,,6,4,4,3,2,3,4,3,4,5,5,5,5,4,3,6
5,,7,1,3,2,1,2,6,2,4,3,5,5,5,5,5,5
4,,6,2,2,2,3,2,5,3,5,4,4,5,5,6,5,5
4,,7,3,4,3,4,4,4,2,3,3,4,7,1,6,4,5
2,,6,2,3,2,2,2,4,3,3,3,5,5,3,5,3,4
3,,4,2,6,3,3,4,5,3,3,4,5,5,4,5,4,4
3,,6,4,5,4,4,5,4,5,5,5,4,3,4,4,3,4
5,,7,2,3,2,1,2,5,2,3,6,5,6,5,6,3,6
5,,7,4,5,2,3,3,7,3,5,5,6,7,5,4,3,5
4,,6,4,4,3,3,3,5,4,3,3,4,4,5,4,3,5
2,,5,3,4,1,2,4,4,4,4,5,5,5,4,5,4,4
4,,4,2,4,3,3,3,3,4,5,6,5,5,3,3,3,2
4,,7,2,5,3,3,3,5,4,4,5,5,5,5,5,5,5
2,,5,2,4,1,2,2,6,4,4,3,5,6,4,4,6,6
5,,4,3,6,5,5,2,4,5,6,6,5,6,6,7,6,6
4,,4,2,3,3,3,4,6,5,4,5,5,6,4,5,4,5
1,,7,4,5,3,3,3,5,4,3,3,3,5,1,2,1,1
4,,7,2,1,1,1,1,1,1,1,2,2,2,6,2,5,5
4,,7,4,6,6,7,7,4,5,4,7,7,7,7,7,7,7
2,,4,2,4,5,4,3,4,5,3,4,3,3,4,5,4,4
3,,4,1,4,3,3,2,6,4,4,6,5,5,5,5,4,5
3,,5,0,2,1,1,2,7,1,3,5,3,2,2,2,2,2
4,,7,4,3,2,3,4,5,3,3,5,4,5,4,5,3,4
4,,7,4,5,3,4,3,6,4,6,6,6,6,4,6,6,6
3,,7,1,4,2,1,2,5,3,4,5,5,5,5,5,2,4
3,,7,4,4,3,3,3,4,3,3,3,5,5,4,4,4,5
4,,4,2,3,3,2,3,6,3,5,5,6,6,3,5,5,4
3,,4,3,4,3,3,3,5,3,4,3,3,3,3,3,3,3
5,,7,3,4,2,2,2,2,4,2,4,5,5,5,4,6,6
2,,4,2,3,2,4,3,5,3,4,4,5,5,4,4,5,4
2,,7,5,7,3,1,1,5,5,4,6,5,5,2,7,2,5
4,,7,5,6,2,4,3,4,4,5,6,6,6,6,6,6,6
5,,6,4,3,2,2,1,6,4,5,5,3,6,4,5,6,5
5,,7,4,5,3,5,4,3,5,5,3,4,5,3,4,4,5
4,,7,3,5,4,3,3,5,5,5,5,5,5,5,6,5,5
4,,7,4,6,3,3,4,6,4,5,5,5,5,4,5,5,4
8,HND,5,0,3,1,2,4,6,2,3,3,4,5,4,5,6,6
5,,7,5,4,3,5,3,4,4,4,4,4,4,5,5,4,5
2,,5,5,6,1,2,3,6,3,4,5,5,6,4,6,5,6
4,,7,2,2,2,4,1,6,4,5,4,4,5,5,5,5,7
4,,2,1,7,7,7,6,2,2,2,3,2,2,2,3,2,2
4,,7,3,6,3,3,2,5,4,3,7,5,5,4,5,4,5
4,,7,4,5,2,2,2,6,2,4,4,3,4,5,3,5,5
4,,7,4,5,2,2,2,6,4,5,6,5,5,6,5,4,6
3,,6,3,4,3,3,4,7,4,4,5,5,5,5,4,4,5
4,,5,2,3,2,2,3,5,4,5,4,5,5,4,5,5,6
4,,7,0,1,1,1,2,7,2,1,4,7,7,7,7,6,7
5,,7,2,2,1,1,2,3,2,3,1,5,6,7,4,2,7
4,,7,4,4,2,2,3,4,3,4,5,5,6,4,3,4,4
2,,5,3,4,3,3,3,6,3,4,5,5,5,4,5,4,4
4,,7,0,1,1,1,1,4,1,2,2,7,7,7,7,7,7
4,,7,4,6,3,3,4,3,3,4,5,3,5,5,4,3,6
4,,7,4,4,3,2,3,6,4,5,5,5,5,4,5,5,5
4,,5,5,6,4,4,4,5,5,5,5,6,6,6,6,6,6
2,,6,4,5,3,4,5,5,6,5,5,5,6,4,4,3,6
2,,4,2,4,3,3,2,6,3,4,4,5,4,4,4,4,4
4,,7,4,6,1,4,1,7,6,6,7,5,5,2,7,2,2
3,,4,2,6,4,3,4,4,4,4,4,4,4,5,5,5,5
4,,6,4,3,2,1,2,6,5,5,5,7,7,4,7,5,5
5,,6,0,1,1,1,1,3,4,3,5,3,6,4,5,5,5
3,,7,4,5,3,3,4,5,4,5,5,5,5,4,3,3,3
4,,6,4,4,2,2,2,6,4,5,5,4,5,5,6,6,6
3,,7,5,5,3,4,3,5,5,6,6,5,5,1,5,3,2
5,,6,5,5,2,2,3,5,4,4,5,5,5,6,4,6,5
1,,7,4,5,3,3,3,5,4,5,5,4,4,4,7,4,4
3,,5,2,5,2,1,2,6,5,5,3,6,5,5,6,6,6
4,,7,1,6,2,2,3,3,1,4,5,2,5,3,3,4,4
4,,7,4,5,4,3,3,6,5,6,6,5,4,3,4,3,4
3,,4,4,5,3,3,3,4,5,3,6,6,5,6,6,4,5
8,NVQ,7,3,4,1,1,2,6,1,4,4,5,5,5,5,5,5
2,,4,1,3,1,1,1,7,4,3,5,4,4,4,4,4,4
3,,7,2,6,1,1,1,6,2,2,6,5,5,6,5,6,6
4,,7,4,5,4,4,3,6,4,5,5,6,6,2,6,4,5
2,,7,5,5,4,3,3,5,5,5,6,6,6,2,6,4,4
4,,7,1,5,3,1,1,6,2,2,6,2,3,3,2,1,6
4,,7,1,4,1,1,1,6,3,4,3,7,6,7,7,7,6
2,,6,3,5,2,3,2,6,5,3,4,5,5,4,6,3,4
3,,7,5,5,3,3,5,5,5,5,5,5,5,4,6,5,5
2,,7,0,4,4,4,4,3,2,4,1,7,7,1,4,1,1
4,,7,2,5,1,1,1,6,2,5,3,3,5,5,3,2,6
2,,7,2,4,3,3,2,4,3,3,3,5,5,4,5,5,5
5,,7,4,6,1,1,2,3,5,4,6,6,6,5,5,5,5
4,,6,4,3,3,2,3,6,6,5,6,2,3,4,4,5,5
4,,6,2,2,2,2,2,3,4,3,4,5,5,4,4,4,4
3,,6,5,5,3,3,5,5,5,5,5,5,6,5,5,5,5
3,,7,5,4,4,4,4,6,4,5,7,6,6,6,4,4,7
3,,3,3,4,4,4,4,4,4,4,4,4,4,5,5,4,4
3,,6,3,4,3,3,3,5,3,3,4,5,5,4,6,4,4
4,,7,3,3,3,3,3,6,3,3,3,1,4,4,4,4,4
4,,6,2,5,1,3,3,7,2,5,5,2,6,6,5,4,6
4,,6,3,6,1,3,3,7,3,5,6,5,6,5,4,4,5
4,,7,3,4,3,3,3,5,3,5,3,5,5,5,3,4,5
4,,7,5,6,2,2,4,5,5,5,5,6,6,6,6,6,6
3,,7,4,5,4,3,2,5,5,6,5,5,5,5,3,4,4
5,,7,3,7,3,1,1,4,5,4,2,1,7,1,4,7,7
4,,7,4,5,4,3,3,6,4,5,5,5,5,5,5,5,4
4,,7,3,4,1,1,1,7,1,5,5,4,5,5,2,1,2
5,,6,4,4,2,2,3,6,3,4,4,5,5,5,6,5,6
4,,6,5,6,5,3,3,6,5,5,5,5,4,6,4,5,5
4,,7,4,5,2,2,2,7,4,4,5,6,7,6,7,6,7
4,,7,2,5,2,3,2,2,3,4,3,5,5,5,6,5,7
4,,6,0,3,2,1,2,2,1,2,3,5,5,5,1,2,2
2,,5,2,4,2,2,3,6,4,4,4,6,6,4,3,4,7
4,,7,4,2,1,1,2,5,5,5,5,5,6,6,7,5,5
4,,7,4,4,3,3,4,5,5,4,3,4,5,5,5,4,4
4,,5,4,5,2,3,4,6,5,5,5,6,6,5,4,3,5
2,,7,5,4,3,3,3,6,4,4,5,5,4,3,4,4,5
4,,4,1,5,5,5,5,3,3,3,3,4,4,4,4,4,4
4,,5,4,5,2,3,3,5,5,3,6,5,5,4,5,5,5
5,,7,3,4,2,1,5,5,5,4,5,5,6,4,5,6,6
4,,4,1,6,2,4,4,4,4,5,3,4,4,3,4,4,4
4,,7,3,3,2,3,3,4,3,3,5,6,6,6,6,6,6
4,,4,2,2,5,5,6,5,4,3,5,6,3,5,5,2,4
5,,7,1,6,4,1,1,7,4,5,5,4,5,4,6,6,6
3,,7,0,2,2,1,2,7,2,3,2,6,6,6,4,3,6
2,,7,3,4,3,3,2,6,2,3,2,5,6,4,6,3,3
3,,4,2,4,3,3,4,5,4,5,5,4,4,5,5,6,4
4,,7,5,6,5,4,3,4,4,4,5,5,5,4,6,3,4
4,,7,4,2,2,2,3,4,5,5,3,4,4,5,4,4,3
5,,6,5,4,2,2,2,6,5,5,5,6,6,6,6,6,6
4,,6,1,2,2,1,2,2,3,3,5,5,5,5,5,5,5
4,,6,3,6,3,3,4,5,3,5,5,3,6,3,5,4,5
3,,4,3,4,3,2,3,4,4,5,5,4,4,4,6,5,4
4,,6,4,4,2,2,2,6,2,4,5,2,2,3,4,5,5
3,,7,3,3,1,1,1,7,2,3,3,5,5,3,3,2,6
2,,7,1,6,3,1,4,5,2,4,3,6,6,6,6,5,5
4,,7,4,4,3,3,3,5,4,4,5,5,5,4,5,3,4
4,,6,3,4,3,3,3,5,3,3,5,5,5,5,5,5,6
4,,6,5,6,3,2,3,7,3,6,6,6,7,4,4,4,4
4,,7,2,3,2,2,2,6,2,2,3,6,6,6,6,5,5
4,,6,3,3,2,3,4,5,3,5,5,5,5,6,5,2,6
5,,7,4,5,3,3,4,5,5,5,5,5,5,5,5,6,6
5,,7,5,6,4,4,4,6,5,5,6,5,6,5,6,4,5
4,,7,3,2,2,2,2,7,3,3,4,5,6,5,4,3,6
5,,7,4,5,2,3,4,5,3,3,3,5,5,3,5,3,6
3,,7,4,3,1,1,3,1,2,5,5,5,5,5,5,2,2
4,,7,2,3,2,3,2,6,2,2,4,2,4,2,3,3,3
5,,7,5,5,3,3,5,5,4,5,5,5,5,5,4,3,6
4,,6,2,5,3,3,3,6,4,3,5,3,6,5,5,5,6
4,,4,5,5,3,4,5,6,5,5,5,5,5,5,5,3,3
2,,5,2,3,3,3,3,5,5,5,5,3,4,4,4,4,4
5,,7,3,2,1,1,1,7,2,4,5,4,5,5,5,4,6
4,,7,4,4,2,2,2,5,3,3,3,4,5,4,6,4,3
5,,6,4,5,3,3,6,6,4,5,6,4,6,3,6,4,6
2,,7,2,2,1,1,2,7,2,3,4,4,6,4,4,3,4
4,,7,1,4,2,2,2,7,2,3,5,6,6,6,7,7,6
5,,7,5,5,3,4,3,5,4,4,5,3,3,5,4,2,2
4,,6,3,3,2,3,3,4,3,4,6,4,5,1,3,2,5
5,,4,4,7,5,3,5,5,6,6,5,6,6,7,6,6,7
4,,7,2,3,3,3,3,5,5,5,5,3,3,2,4,4,3
4,,7,1,5,2,3,4,6,4,5,5,7,7,7,7,7,7
5,,6,1,4,1,2,2,4,1,2,2,2,2,2,4,3,2
4,,5,2,7,4,5,6,4,5,5,5,5,7,2,4,2,6
4,,6,2,7,5,4,5,6,2,5,6,5,6,3,7,5,6
2,,4,0,3,1,2,1,3,1,2,5,4,4,7,6,6,5
4,,6,2,3,1,1,1,7,1,2,4,5,6,6,5,6,7
5,,6,4,5,4,3,3,6,5,5,5,6,6,7,7,6,6
3,,7,3,4,3,3,3,5,4,4,4,5,5,3,5,5,5
5,,7,0,3,1,1,2,7,3,4,6,6,6,6,6,6,6
3,,4,1,5,3,3,4,5,2,2,3,3,3,3,4,2,7
5,,5,5,5,3,3,4,5,6,6,5,6,5,4,6,6,5
4,,7,1,4,3,2,3,4,3,3,4,5,5,5,5,3,3
3,,7,0,3,1,1,1,7,3,4,5,3,6,5,7,7,7
4,,7,4,5,2,2,2,6,5,5,6,6,7,5,6,3,7
5,,7,4,6,3,3,3,4,3,4,5,5,5,4,5,5,5
3,,4,4,5,2,2,4,6,5,3,6,6,4,6,7,6,5
3,,7,5,5,1,2,2,4,2,3,5,5,6,4,5,5,5
4,,7,2,5,4,3,3,6,4,4,5,3,3,2,3,3,7
3,,7,5,6,3,3,6,5,5,5,6,4,4,3,4,3,4
3,,6,1,3,1,1,3,5,4,3,4,3,5,6,5,3,5
4,,7,3,5,3,2,4,5,4,5,5,5,4,6,5,3,4
3,,7,4,5,3,3,3,5,5,5,5,5,5,5,5,5,5
4,,7,3,4,3,4,5,5,2,3,3,5,5,4,5,5,6
4,,4,2,4,2,3,5,4,3,4,5,5,4,6,6,3,4
5,,6,5,3,3,3,3,3,6,5,5,5,5,5,5,5,5
5,,7,4,4,3,2,3,4,3,4,5,5,5,3,4,5,6
4,,6,4,5,2,2,3,6,4,5,5,5,6,6,4,5,5
4,,7,4,3,2,2,2,6,4,4,6,3,5,3,5,5,5
5,,7,2,1,1,1,1,3,1,1,4,2,2,1,2,2,2
4,,7,0,2,1,1,1,5,1,2,2,6,5,7,5,6,7
5,,6,4,3,3,4,2,6,4,5,3,3,3,5,5,4,5
5,,7,0,2,2,2,2,6,4,3,3,4,4,4,4,4,4
4,,7,5,6,5,3,5,6,5,6,6,3,6,6,3,1,6
4,,6,4,4,3,3,3,4,2,5,5,5,5,5,4,3,6
8,cse,6,4,3,2,2,2,6,2,3,4,6,6,5,7,6,5
3,,7,4,6,3,2,3,5,3,5,5,7,6,5,7,4,4
5,,7,0,3,3,2,3,6,2,4,3,5,7,5,6,5,5
2,,6,1,3,3,3,3,6,2,2,2,1,1,5,1,1,1
2,,7,3,3,3,2,3,6,4,5,5,5,5,5,5,4,4
5,,5,2,4,3,4,5,4,3,2,2,4,4,2,6,5,5
5,,7,4,5,3,3,3,5,5,6,6,5,6,3,5,5,5
4,,7,4,3,2,3,3,5,2,3,3,5,5,3,5,4,5
2,,7,2,6,2,1,3,5,3,5,7,5,6,2,6,5,6
4,,7,3,4,2,3,4,4,2,4,3,4,6,5,6,6,5
4,,7,2,4,2,2,2,5,2,2,2,5,5,6,6,5,6
3,,4,2,3,1,1,2,7,5,6,7,5,7,6,5,7,4
5,,4,3,4,1,1,1,7,1,4,4,4,4,4,4,4,4
2,,2,1,4,2,2,4,5,2,2,4,5,5,4,5,5,6
3,,7,4,5,3,3,3,5,5,5,5,5,5,5,5,5,5
5,,7,4,4,3,3,3,5,3,4,4,5,5,4,4,3,5
2,,7,0,4,6,5,3,7,4,4,7,7,7,4,7,4,7
4,,7,5,6,5,2,2,5,2,5,3,5,5,2,5,3,3
4,,7,3,3,2,2,2,6,4,6,6,6,6,6,4,5,5
4,,5,3,3,3,2,2,4,4,4,5,2,2,2,3,4,2
5,,7,5,3,2,3,3,5,3,3,3,3,5,5,5,5,6
2,,7,4,7,3,3,4,6,4,5,7,7,7,4,5,7,7
4,,3,4,4,3,3,3,6,3,5,6,3,5,4,6,7,6
4,,4,2,3,3,4,3,6,4,5,6,5,7,2,3,7,7
5,,5,4,3,2,2,3,5,3,3,3,4,4,5,5,4,5
4,,7,3,5,3,1,3,3,2,6,3,6,5,6,7,6,6
3,,4,0,2,2,3,4,6,2,4,4,5,5,6,4,4,5
2,,7,3,1,2,1,2,3,2,3,5,4,5,5,2,2,5
4,,6,4,3,1,1,1,5,3,5,5,5,5,4,5,4,4
5,,7,2,5,3,5,5,6,5,5,6,2,2,3,4,4,4
4,,7,5,6,3,3,4,5,3,4,5,4,4,4,1,2,2
4,,7,4,5,3,4,4,3,4,4,3,5,5,4,5,3,4
4,,7,4,6,6,4,3,4,3,5,5,4,5,3,2,2,2
3,,5,5,3,2,3,4,7,5,5,6,5,7,5,7,7,6
3,,6,3,2,2,2,2,6,4,4,5,3,3,4,4,4,4
4,,6,2,4,2,2,2,6,3,5,5,1,7,1,6,6,6
5,,7,5,5,3,3,3,6,3,2,4,6,6,6,6,4,5
4,,7,2,6,6,5,4,6,5,5,5,5,5,4,5,4,6
3,,7,0,1,1,1,1,7,2,3,6,7,7,5,7,3,3
1,,7,4,4,2,3,3,6,6,5,6,5,5,4,6,3,3
4,,6,5,6,4,4,4,5,4,5,4,5,5,5,5,4,4
4,,7,2,4,3,3,3,5,3,5,5,5,5,6,6,5,5
3,,5,4,3,4,3,2,5,4,3,3,5,4,5,5,4,4
5,,7,2,2,2,1,2,7,3,5,5,4,4,3,5,3,4
3,,7,5,3,3,3,3,6,4,5,5,5,5,5,5,4,5
4,,7,6,3,1,1,1,6,6,6,6,4,4,4,4,4,4
5,,6,4,4,4,3,3,4,4,3,3,3,5,4,4,4,5
4,,7,1,4,3,2,3,5,4,4,6,5,6,5,4,5,5
3,,7,3,5,4,3,4,3,2,5,5,4,5,4,3,4,5
4,,7,2,3,2,2,2,7,2,4,4,3,3,3,3,3,5
3,,4,3,4,3,3,4,5,3,4,4,6,6,4,4,3,4
2,,7,4,6,5,4,5,5,5,5,5,5,6,6,6,7,6
4,,2,0,4,1,1,5,2,2,4,1,5,5,4,5,5,3
3,,7,3,3,1,3,3,6,2,3,6,6,6,5,5,6,6
5,,7,3,5,3,3,3,5,4,3,4,5,5,3,5,5,5
4,,7,4,4,3,3,3,6,3,3,6,5,5,5,6,3,5
5,,4,0,4,4,4,4,4,4,4,4,4,4,4,4,4,4
5,,5,4,4,3,3,3,5,4,5,5,5,6,2,4,5,5
3,,7,3,5,2,3,3,6,2,5,6,3,4,6,3,2,5
5,,6,5,6,6,4,5,5,5,5,6,6,6,4,5,5,5
5,,7,4,4,2,2,1,6,3,3,3,6,5,5,6,5,6
4,,7,4,4,4,3,3,6,5,5,2,5,5,3,4,2,3
